Date,Month,Month_name,Day,Weekday,Weekdaysort,hour_of_day,is_weekend,sales_count,total_sales
2024-03-01,3,Mar,1,Fri,5,10,0,1,38.7
2024-03-01,3,Mar,1,Fri,5,12,0,2,77.4
2024-03-01,3,Mar,1,Fri,5,13,0,2,67.6
2024-03-01,3,Mar,1,Fri,5,15,0,1,33.8
2024-03-01,3,Mar,1,Fri,5,16,0,1,38.7
2024-03-01,3,Mar,1,Fri,5,18,0,1,33.8
2024-03-01,3,Mar,1,Fri,5,19,0,3,106.3
2024-03-02,3,Mar,2,Sat,6,10,1,2,62.7
2024-03-02,3,Mar,2,Sat,6,11,1,1,33.8
2024-03-02,3,Mar,2,Sat,6,14,1,1,28.9
2024-03-02,3,Mar,2,Sat,6,16,1,1,33.8
2024-03-02,3,Mar,2,Sat,6,17,1,1,28.9
2024-03-03,3,Mar,3,Sun,7,10,1,1,38.7
2024-03-03,3,Mar,3,Sun,7,11,1,1,28.9
2024-03-03,3,Mar,3,Sun,7,12,1,1,28.9
2024-03-03,3,Mar,3,Sun,7,13,1,1,38.7
2024-03-03,3,Mar,3,Sun,7,17,1,2,67.6
2024-03-03,3,Mar,3,Sun,7,18,1,3,106.3
2024-03-04,3,Mar,4,Mon,1,10,0,2,77.4
2024-03-04,3,Mar,4,Mon,1,11,0,1,33.8
2024-03-04,3,Mar,4,Mon,1,14,0,1,24.0
2024-03-05,3,Mar,5,Tue,2,9,0,1,38.7
2024-03-05,3,Mar,5,Tue,2,14,0,1,38.7
2024-03-05,3,Mar,5,Tue,2,17,0,6,222.4
2024-03-05,3,Mar,5,Tue,2,18,0,1,38.7
2024-03-06,3,Mar,6,Wed,3,13,0,2,57.8
2024-03-06,3,Mar,6,Wed,3,14,0,2,77.4
2024-03-07,3,Mar,7,Thu,4,10,0,1,38.7
2024-03-07,3,Mar,7,Thu,4,11,0,1,38.7
2024-03-07,3,Mar,7,Thu,4,15,0,2,62.7
2024-03-08,3,Mar,8,Fri,5,10,0,1,28.9
2024-03-08,3,Mar,8,Fri,5,12,0,1,38.7
2024-03-08,3,Mar,8,Fri,5,13,0,1,28.9
2024-03-08,3,Mar,8,Fri,5,14,0,3,91.6
2024-03-08,3,Mar,8,Fri,5,18,0,2,77.4
2024-03-09,3,Mar,9,Sat,6,12,1,5,149.4
2024-03-09,3,Mar,9,Sat,6,13,1,4,140.1
2024-03-09,3,Mar,9,Sat,6,14,1,2,72.5
2024-03-09,3,Mar,9,Sat,6,19,1,2,77.4
2024-03-10,3,Mar,10,Sun,7,11,1,1,24.0
2024-03-10,3,Mar,10,Sun,7,19,1,2,67.6
2024-03-11,3,Mar,11,Mon,1,11,0,1,38.7
2024-03-11,3,Mar,11,Mon,1,16,0,3,96.5
2024-03-12,3,Mar,12,Tue,2,10,0,2,57.8
2024-03-12,3,Mar,12,Tue,2,11,0,1,38.7
2024-03-12,3,Mar,12,Tue,2,12,0,2,62.7
2024-03-12,3,Mar,12,Tue,2,16,0,1,28.9
2024-03-13,3,Mar,13,Wed,3,11,0,2,67.6
2024-03-13,3,Mar,13,Wed,3,12,0,2,57.8
2024-03-13,3,Mar,13,Wed,3,14,0,1,33.8
2024-03-13,3,Mar,13,Wed,3,15,0,2,48.0
2024-03-13,3,Mar,13,Wed,3,16,0,1,24.0
2024-03-14,3,Mar,14,Thu,4,10,0,2,77.4
2024-03-14,3,Mar,14,Thu,4,13,0,4,115.6
2024-03-14,3,Mar,14,Thu,4,15,0,1,38.7
2024-03-14,3,Mar,14,Thu,4,16,0,2,57.8
2024-03-14,3,Mar,14,Thu,4,18,0,1,38.7
2024-03-14,3,Mar,14,Thu,4,19,0,1,28.9
2024-03-15,3,Mar,15,Fri,5,10,0,1,38.7
2024-03-15,3,Mar,15,Fri,5,18,0,1,28.9
2024-03-16,3,Mar,16,Sat,6,12,1,2,62.7
2024-03-16,3,Mar,16,Sat,6,15,1,1,28.9
2024-03-16,3,Mar,16,Sat,6,16,1,2,57.8
2024-03-16,3,Mar,16,Sat,6,17,1,1,33.8
2024-03-17,3,Mar,17,Sun,7,12,1,1,28.9
2024-03-18,3,Mar,18,Mon,1,11,0,1,28.9
2024-03-18,3,Mar,18,Mon,1,15,0,3,86.7
2024-03-19,3,Mar,19,Tue,2,14,0,2,77.4
2024-03-19,3,Mar,19,Tue,2,15,0,1,38.7
2024-03-19,3,Mar,19,Tue,2,16,0,1,33.8
2024-03-20,3,Mar,20,Wed,3,11,0,1,28.9
2024-03-20,3,Mar,20,Wed,3,12,0,1,28.9
2024-03-20,3,Mar,20,Wed,3,13,0,1,38.7
2024-03-20,3,Mar,20,Wed,3,16,0,1,38.7
2024-03-20,3,Mar,20,Wed,3,17,0,1,38.7
2024-03-21,3,Mar,21,Thu,4,12,0,2,67.6
2024-03-21,3,Mar,21,Thu,4,17,0,1,28.9
2024-03-21,3,Mar,21,Thu,4,19,0,1,38.7
2024-03-22,3,Mar,22,Fri,5,10,0,1,33.8
2024-03-22,3,Mar,22,Fri,5,13,0,1,33.8
2024-03-22,3,Mar,22,Fri,5,17,0,3,81.8
2024-03-23,3,Mar,23,Sat,6,10,1,2,72.5
2024-03-23,3,Mar,23,Sat,6,13,1,2,77.4
2024-03-23,3,Mar,23,Sat,6,14,1,1,33.8
2024-03-23,3,Mar,23,Sat,6,15,1,2,72.5
2024-03-23,3,Mar,23,Sat,6,16,1,1,28.9
2024-03-24,3,Mar,24,Sun,7,18,1,1,38.7
2024-03-25,3,Mar,25,Mon,1,10,0,1,38.7
2024-03-25,3,Mar,25,Mon,1,14,0,2,77.4
2024-03-25,3,Mar,25,Mon,1,18,0,1,33.8
2024-03-25,3,Mar,25,Mon,1,19,0,1,38.7
2024-03-26,3,Mar,26,Tue,2,10,0,3,116.1
2024-03-26,3,Mar,26,Tue,2,11,0,1,28.9
2024-03-26,3,Mar,26,Tue,2,13,0,4,115.6
2024-03-26,3,Mar,26,Tue,2,15,0,1,38.7
2024-03-26,3,Mar,26,Tue,2,18,0,2,77.4
2024-03-27,3,Mar,27,Wed,3,11,0,2,62.7
2024-03-27,3,Mar,27,Wed,3,12,0,1,33.8
2024-03-27,3,Mar,27,Wed,3,13,0,1,38.7
2024-03-27,3,Mar,27,Wed,3,14,0,2,67.6
2024-03-27,3,Mar,27,Wed,3,18,0,1,28.9
2024-03-28,3,Mar,28,Thu,4,14,0,1,28.9
2024-03-28,3,Mar,28,Thu,4,17,0,3,96.5
2024-03-29,3,Mar,29,Fri,5,10,0,1,38.7
2024-03-29,3,Mar,29,Fri,5,12,0,2,77.4
2024-03-30,3,Mar,30,Sat,6,11,1,1,38.7
2024-03-30,3,Mar,30,Sat,6,16,1,3,111.2
2024-03-31,3,Mar,31,Sun,7,10,1,1,38.7
2024-04-01,4,Apr,1,Mon,1,10,0,3,96.5
2024-04-01,4,Apr,1,Mon,1,11,0,1,33.8
2024-04-01,4,Apr,1,Mon,1,18,0,2,72.5
2024-04-02,4,Apr,2,Tue,2,10,0,1,38.7
2024-04-02,4,Apr,2,Tue,2,16,0,2,57.8
2024-04-03,4,Apr,3,Wed,3,10,0,2,57.8
2024-04-03,4,Apr,3,Wed,3,13,0,1,38.7
2024-04-04,4,Apr,4,Thu,4,10,0,1,38.7
2024-04-04,4,Apr,4,Thu,4,11,0,2,77.4
2024-04-04,4,Apr,4,Thu,4,12,0,1,28.9
2024-04-05,4,Apr,5,Fri,5,10,0,2,57.8
2024-04-05,4,Apr,5,Fri,5,11,0,1,28.9
2024-04-05,4,Apr,5,Fri,5,12,0,1,33.8
2024-04-05,4,Apr,5,Fri,5,14,0,2,67.6
2024-04-05,4,Apr,5,Fri,5,16,0,1,24.0
2024-04-06,4,Apr,6,Sat,6,12,1,1,33.8
2024-04-06,4,Apr,6,Sat,6,14,1,3,106.3
2024-04-07,4,Apr,7,Sun,7,10,1,1,38.7
2024-04-07,4,Apr,7,Sun,7,12,1,2,77.4
2024-04-07,4,Apr,7,Sun,7,14,1,2,52.9
2024-04-07,4,Apr,7,Sun,7,18,1,2,72.5
2024-04-08,4,Apr,8,Mon,1,10,0,2,72.5
2024-04-08,4,Apr,8,Mon,1,11,0,2,67.6
2024-04-08,4,Apr,8,Mon,1,16,0,1,38.7
2024-04-08,4,Apr,8,Mon,1,18,0,1,28.9
2024-04-08,4,Apr,8,Mon,1,19,0,2,72.5
2024-04-09,4,Apr,9,Tue,2,11,0,1,38.7
2024-04-09,4,Apr,9,Tue,2,15,0,1,38.7
2024-04-09,4,Apr,9,Tue,2,17,0,1,38.7
2024-04-10,4,Apr,10,Wed,3,17,0,1,24.0
2024-04-10,4,Apr,10,Wed,3,18,0,1,38.7
2024-04-10,4,Apr,10,Wed,3,20,0,1,38.7
2024-04-11,4,Apr,11,Thu,4,10,0,2,57.8
2024-04-11,4,Apr,11,Thu,4,16,0,1,38.7
2024-04-11,4,Apr,11,Thu,4,19,0,2,72.5
2024-04-12,4,Apr,12,Fri,5,19,0,2,67.6
2024-04-13,4,Apr,13,Sat,6,12,1,2,67.6
2024-04-13,4,Apr,13,Sat,6,16,1,2,77.4
2024-04-13,4,Apr,13,Sat,6,17,1,2,77.4
2024-04-14,4,Apr,14,Sun,7,12,1,1,38.7
2024-04-14,4,Apr,14,Sun,7,13,1,1,28.9
2024-04-14,4,Apr,14,Sun,7,14,1,3,86.7
2024-04-14,4,Apr,14,Sun,7,15,1,1,38.7
2024-04-14,4,Apr,14,Sun,7,16,1,1,28.9
2024-04-14,4,Apr,14,Sun,7,17,1,1,38.7
2024-04-14,4,Apr,14,Sun,7,18,1,1,38.7
2024-04-15,4,Apr,15,Mon,1,11,0,1,28.9
2024-04-15,4,Apr,15,Mon,1,17,0,2,62.7
2024-04-15,4,Apr,15,Mon,1,19,0,1,33.8
2024-04-16,4,Apr,16,Tue,2,10,0,1,33.8
2024-04-16,4,Apr,16,Tue,2,12,0,2,67.6
2024-04-16,4,Apr,16,Tue,2,15,0,1,28.9
2024-04-16,4,Apr,16,Tue,2,17,0,2,72.5
2024-04-16,4,Apr,16,Tue,2,18,0,1,38.7
2024-04-17,4,Apr,17,Wed,3,13,0,2,52.9
2024-04-17,4,Apr,17,Wed,3,17,0,2,77.4
2024-04-17,4,Apr,17,Wed,3,18,0,1,28.9
2024-04-18,4,Apr,18,Thu,4,11,0,2,57.8
2024-04-18,4,Apr,18,Thu,4,13,0,2,62.7
2024-04-18,4,Apr,18,Thu,4,14,0,2,77.4
2024-04-18,4,Apr,18,Thu,4,17,0,1,38.7
2024-04-18,4,Apr,18,Thu,4,18,0,1,38.7
2024-04-18,4,Apr,18,Thu,4,19,0,2,77.4
2024-04-19,4,Apr,19,Fri,5,10,0,1,38.7
2024-04-19,4,Apr,19,Fri,5,13,0,4,149.9
2024-04-19,4,Apr,19,Fri,5,18,0,2,72.5
2024-04-20,4,Apr,20,Sat,6,12,1,2,67.6
2024-04-20,4,Apr,20,Sat,6,13,1,3,101.4
2024-04-20,4,Apr,20,Sat,6,14,1,1,38.7
2024-04-20,4,Apr,20,Sat,6,15,1,3,99.44
2024-04-20,4,Apr,20,Sat,6,18,1,2,75.44
2024-04-20,4,Apr,20,Sat,6,19,1,1,37.72
2024-04-21,4,Apr,21,Sun,7,11,1,1,37.72
2024-04-21,4,Apr,21,Sun,7,14,1,1,27.92
2024-04-22,4,Apr,22,Mon,1,11,0,2,60.74
2024-04-22,4,Apr,22,Mon,1,19,0,1,37.72
2024-04-23,4,Apr,23,Tue,2,14,0,3,108.26
2024-04-23,4,Apr,23,Tue,2,19,0,2,65.64
2024-04-24,4,Apr,24,Wed,3,10,0,2,70.54
2024-04-24,4,Apr,24,Wed,3,11,0,2,65.64
2024-04-24,4,Apr,24,Wed,3,12,0,1,32.82
2024-04-24,4,Apr,24,Wed,3,16,0,1,32.82
2024-04-24,4,Apr,24,Wed,3,19,0,2,70.54
2024-04-25,4,Apr,25,Thu,4,10,0,1,27.92
2024-04-25,4,Apr,25,Thu,4,15,0,1,37.72
2024-04-25,4,Apr,25,Thu,4,17,0,2,55.84
2024-04-26,4,Apr,26,Fri,5,10,0,1,37.72
2024-04-26,4,Apr,26,Fri,5,12,0,1,37.72
2024-04-26,4,Apr,26,Fri,5,13,0,1,37.72
2024-04-26,4,Apr,26,Fri,5,15,0,2,55.84
2024-04-26,4,Apr,26,Fri,5,16,0,2,55.84
2024-04-26,4,Apr,26,Fri,5,19,0,2,75.44
2024-04-27,4,Apr,27,Sat,6,15,1,1,37.72
2024-04-28,4,Apr,28,Sun,7,10,1,1,37.72
2024-04-28,4,Apr,28,Sun,7,12,1,1,37.72
2024-04-28,4,Apr,28,Sun,7,18,1,3,93.56
2024-04-29,4,Apr,29,Mon,1,11,0,1,27.92
2024-04-29,4,Apr,29,Mon,1,13,0,4,116.58
2024-04-29,4,Apr,29,Mon,1,18,0,1,37.72
2024-04-29,4,Apr,29,Mon,1,19,0,2,75.44
2024-04-30,4,Apr,30,Tue,2,10,0,3,103.36
2024-04-30,4,Apr,30,Tue,2,13,0,2,60.74
2024-04-30,4,Apr,30,Tue,2,19,0,3,108.26
2024-05-02,5,May,2,Thu,4,10,0,1,27.92
2024-05-02,5,May,2,Thu,4,13,0,1,32.82
2024-05-02,5,May,2,Thu,4,18,0,2,70.54
2024-05-02,5,May,2,Thu,4,19,0,2,75.44
2024-05-03,5,May,3,Fri,5,14,0,1,37.72
2024-05-03,5,May,3,Fri,5,17,0,1,37.72
2024-05-06,5,May,6,Mon,1,10,0,5,154.3
2024-05-06,5,May,6,Mon,1,13,0,2,55.84
2024-05-06,5,May,6,Mon,1,19,0,2,75.44
2024-05-07,5,May,7,Tue,2,10,0,1,37.72
2024-05-07,5,May,7,Tue,2,11,0,1,27.92
2024-05-07,5,May,7,Tue,2,13,0,1,27.92
2024-05-07,5,May,7,Tue,2,16,0,2,65.64
2024-05-07,5,May,7,Tue,2,17,0,2,75.44
2024-05-07,5,May,7,Tue,2,19,0,2,75.44
2024-05-08,5,May,8,Wed,3,10,0,1,37.72
2024-05-09,5,May,9,Thu,4,12,0,1,37.72
2024-05-09,5,May,9,Thu,4,13,0,4,141.08
2024-05-09,5,May,9,Thu,4,16,0,2,55.84
2024-05-09,5,May,9,Thu,4,18,0,2,60.74
2024-05-10,5,May,10,Fri,5,15,0,2,75.44
2024-05-11,5,May,11,Sat,6,11,1,1,37.72
2024-05-11,5,May,11,Sat,6,17,1,4,141.08
2024-05-11,5,May,11,Sat,6,18,1,1,37.72
2024-05-11,5,May,11,Sat,6,19,1,1,37.72
2024-05-12,5,May,12,Sun,7,10,1,1,37.72
2024-05-12,5,May,12,Sun,7,13,1,2,65.64
2024-05-12,5,May,12,Sun,7,15,1,3,103.36
2024-05-12,5,May,12,Sun,7,16,1,1,32.82
2024-05-12,5,May,12,Sun,7,19,1,1,32.82
2024-05-13,5,May,13,Mon,1,11,0,1,32.82
2024-05-14,5,May,14,Tue,2,8,0,3,83.76
2024-05-14,5,May,14,Tue,2,10,0,1,37.72
2024-05-14,5,May,14,Tue,2,11,0,2,75.44
2024-05-14,5,May,14,Tue,2,14,0,2,70.54
2024-05-14,5,May,14,Tue,2,15,0,1,27.92
2024-05-14,5,May,14,Tue,2,16,0,2,70.54
2024-05-14,5,May,14,Tue,2,22,0,1,37.72
2024-05-15,5,May,15,Wed,3,8,0,1,37.72
2024-05-15,5,May,15,Wed,3,11,0,2,50.94
2024-05-15,5,May,15,Wed,3,13,0,4,116.58
2024-05-15,5,May,15,Wed,3,14,0,2,55.84
2024-05-15,5,May,15,Wed,3,17,0,1,23.02
2024-05-15,5,May,15,Wed,3,20,0,1,37.72
2024-05-16,5,May,16,Thu,4,10,0,2,65.64
2024-05-16,5,May,16,Thu,4,12,0,1,32.82
2024-05-16,5,May,16,Thu,4,15,0,1,37.72
2024-05-16,5,May,16,Thu,4,17,0,1,37.72
2024-05-16,5,May,16,Thu,4,18,0,2,75.44
2024-05-17,5,May,17,Fri,5,9,0,1,27.92
2024-05-17,5,May,17,Fri,5,11,0,1,32.82
2024-05-17,5,May,17,Fri,5,19,0,2,70.54
2024-05-17,5,May,17,Fri,5,20,0,1,37.72
2024-05-17,5,May,17,Fri,5,22,0,3,103.36
2024-05-18,5,May,18,Sat,6,8,1,2,75.44
2024-05-18,5,May,18,Sat,6,11,1,1,32.82
2024-05-18,5,May,18,Sat,6,16,1,2,65.64
2024-05-18,5,May,18,Sat,6,19,1,1,32.82
2024-05-18,5,May,18,Sat,6,20,1,1,37.72
2024-05-19,5,May,19,Sun,7,7,1,2,55.84
2024-05-19,5,May,19,Sun,7,8,1,1,37.72
2024-05-19,5,May,19,Sun,7,12,1,1,32.82
2024-05-19,5,May,19,Sun,7,14,1,1,27.92
2024-05-19,5,May,19,Sun,7,15,1,1,32.82
2024-05-19,5,May,19,Sun,7,18,1,3,93.56
2024-05-19,5,May,19,Sun,7,19,1,1,37.72
2024-05-19,5,May,19,Sun,7,21,1,2,75.44
2024-05-20,5,May,20,Mon,1,10,0,3,108.26
2024-05-20,5,May,20,Mon,1,11,0,2,55.84
2024-05-20,5,May,20,Mon,1,13,0,2,55.84
2024-05-20,5,May,20,Mon,1,14,0,2,70.54
2024-05-20,5,May,20,Mon,1,17,0,2,75.44
2024-05-20,5,May,20,Mon,1,20,0,3,98.46
2024-05-20,5,May,20,Mon,1,21,0,2,65.64
2024-05-21,5,May,21,Tue,2,8,0,1,37.72
2024-05-21,5,May,21,Tue,2,16,0,1,37.72
2024-05-21,5,May,21,Tue,2,18,0,1,23.02
2024-05-21,5,May,21,Tue,2,19,0,1,37.72
2024-05-21,5,May,21,Tue,2,20,0,1,37.72
2024-05-22,5,May,22,Wed,3,9,0,1,37.72
2024-05-22,5,May,22,Wed,3,10,0,1,32.82
2024-05-22,5,May,22,Wed,3,11,0,2,60.74
2024-05-22,5,May,22,Wed,3,12,0,2,55.84
2024-05-22,5,May,22,Wed,3,14,0,1,32.82
2024-05-22,5,May,22,Wed,3,19,0,2,75.44
2024-05-22,5,May,22,Wed,3,21,0,2,75.44
2024-05-23,5,May,23,Thu,4,10,0,1,37.72
2024-05-23,5,May,23,Thu,4,12,0,1,23.02
2024-05-23,5,May,23,Thu,4,15,0,2,75.44
2024-05-23,5,May,23,Thu,4,16,0,2,75.44
2024-05-23,5,May,23,Thu,4,17,0,2,75.44
2024-05-23,5,May,23,Thu,4,19,0,4,141.08
2024-05-23,5,May,23,Thu,4,20,0,2,75.44
2024-05-23,5,May,23,Thu,4,22,0,1,32.82
2024-05-24,5,May,24,Fri,5,11,0,3,83.76
2024-05-24,5,May,24,Fri,5,16,0,1,37.72
2024-05-24,5,May,24,Fri,5,18,0,2,55.84
2024-05-24,5,May,24,Fri,5,22,0,1,32.82
2024-05-25,5,May,25,Sat,6,12,1,4,136.18
2024-05-25,5,May,25,Sat,6,16,1,2,60.74
2024-05-26,5,May,26,Sun,7,10,1,1,37.72
2024-05-26,5,May,26,Sun,7,14,1,3,93.56
2024-05-26,5,May,26,Sun,7,17,1,1,37.72
2024-05-26,5,May,26,Sun,7,18,1,4,141.08
2024-05-26,5,May,26,Sun,7,20,1,1,37.72
2024-05-26,5,May,26,Sun,7,21,1,5,178.8
2024-05-27,5,May,27,Mon,1,11,0,1,27.92
2024-05-27,5,May,27,Mon,1,14,0,2,70.54
2024-05-27,5,May,27,Mon,1,15,0,2,55.84
2024-05-27,5,May,27,Mon,1,17,0,1,37.72
2024-05-27,5,May,27,Mon,1,18,0,1,27.92
2024-05-27,5,May,27,Mon,1,19,0,2,75.44
2024-05-27,5,May,27,Mon,1,21,0,2,70.54
2024-05-28,5,May,28,Tue,2,8,0,1,32.82
2024-05-28,5,May,28,Tue,2,9,0,1,32.82
2024-05-28,5,May,28,Tue,2,11,0,1,37.72
2024-05-28,5,May,28,Tue,2,13,0,1,37.72
2024-05-28,5,May,28,Tue,2,14,0,1,37.72
2024-05-28,5,May,28,Tue,2,16,0,1,27.92
2024-05-28,5,May,28,Tue,2,19,0,2,65.64
2024-05-28,5,May,28,Tue,2,20,0,2,60.74
2024-05-29,5,May,29,Wed,3,9,0,1,37.72
2024-05-29,5,May,29,Wed,3,11,0,1,37.72
2024-05-29,5,May,29,Wed,3,15,0,3,103.36
2024-05-29,5,May,29,Wed,3,16,0,1,37.72
2024-05-29,5,May,29,Wed,3,18,0,2,65.64
2024-05-29,5,May,29,Wed,3,20,0,2,75.44
2024-05-30,5,May,30,Thu,4,8,0,3,108.26
2024-05-30,5,May,30,Thu,4,9,0,1,37.72
2024-05-30,5,May,30,Thu,4,14,0,1,32.82
2024-05-30,5,May,30,Thu,4,15,0,2,46.04
2024-05-30,5,May,30,Thu,4,19,0,1,37.72
2024-05-30,5,May,30,Thu,4,20,0,3,108.26
2024-05-31,5,May,31,Fri,5,7,0,1,32.82
2024-05-31,5,May,31,Fri,5,9,0,1,37.72
2024-05-31,5,May,31,Fri,5,10,0,2,75.44
2024-05-31,5,May,31,Fri,5,14,0,1,32.82
2024-05-31,5,May,31,Fri,5,18,0,2,75.44
2024-05-31,5,May,31,Fri,5,20,0,3,108.26
2024-05-31,5,May,31,Fri,5,22,0,3,98.46
2024-06-01,6,Jun,1,Sat,6,8,1,1,27.92
2024-06-01,6,Jun,1,Sat,6,9,1,1,37.72
2024-06-01,6,Jun,1,Sat,6,11,1,1,37.72
2024-06-01,6,Jun,1,Sat,6,14,1,1,32.82
2024-06-01,6,Jun,1,Sat,6,18,1,2,65.64
2024-06-01,6,Jun,1,Sat,6,20,1,3,113.16
2024-06-01,6,Jun,1,Sat,6,21,1,1,32.82
2024-06-02,6,Jun,2,Sun,7,20,1,3,108.26
2024-06-02,6,Jun,2,Sun,7,21,1,2,70.54
2024-06-03,6,Jun,3,Mon,1,10,0,2,75.44
2024-06-03,6,Jun,3,Mon,1,14,0,3,108.26
2024-06-04,6,Jun,4,Tue,2,9,0,1,27.92
2024-06-04,6,Jun,4,Tue,2,10,0,1,32.82
2024-06-04,6,Jun,4,Tue,2,12,0,2,75.44
2024-06-04,6,Jun,4,Tue,2,15,0,1,37.72
2024-06-04,6,Jun,4,Tue,2,17,0,2,65.64
2024-06-04,6,Jun,4,Tue,2,20,0,2,75.44
2024-06-04,6,Jun,4,Tue,2,21,0,5,159.2
2024-06-05,6,Jun,5,Wed,3,8,0,2,75.44
2024-06-05,6,Jun,5,Wed,3,9,0,1,27.92
2024-06-05,6,Jun,5,Wed,3,10,0,2,70.54
2024-06-05,6,Jun,5,Wed,3,19,0,2,70.54
2024-06-05,6,Jun,5,Wed,3,20,0,2,65.64
2024-06-06,6,Jun,6,Thu,4,8,0,2,65.64
2024-06-06,6,Jun,6,Thu,4,10,0,1,37.72
2024-06-06,6,Jun,6,Thu,4,12,0,1,27.92
2024-06-06,6,Jun,6,Thu,4,15,0,2,70.54
2024-06-06,6,Jun,6,Thu,4,21,0,5,183.7
2024-06-07,6,Jun,7,Fri,5,8,0,1,37.72
2024-06-07,6,Jun,7,Fri,5,10,0,1,23.02
2024-06-07,6,Jun,7,Fri,5,13,0,1,32.82
2024-06-07,6,Jun,7,Fri,5,16,0,2,55.84
2024-06-08,6,Jun,8,Sat,6,9,1,2,60.74
2024-06-08,6,Jun,8,Sat,6,20,1,2,75.44
2024-06-09,6,Jun,9,Sun,7,8,1,1,37.72
2024-06-09,6,Jun,9,Sun,7,10,1,2,75.44
2024-06-09,6,Jun,9,Sun,7,11,1,3,88.66
2024-06-09,6,Jun,9,Sun,7,12,1,3,108.26
2024-06-09,6,Jun,9,Sun,7,15,1,1,27.92
2024-06-09,6,Jun,9,Sun,7,16,1,1,37.72
2024-06-09,6,Jun,9,Sun,7,19,1,1,32.82
2024-06-09,6,Jun,9,Sun,7,21,1,1,27.92
2024-06-10,6,Jun,10,Mon,1,12,0,2,75.44
2024-06-10,6,Jun,10,Mon,1,19,0,4,150.88
2024-06-11,6,Jun,11,Tue,2,10,0,1,32.82
2024-06-11,6,Jun,11,Tue,2,18,0,2,75.44
2024-06-11,6,Jun,11,Tue,2,21,0,3,103.36
2024-06-12,6,Jun,12,Wed,3,10,0,1,37.72
2024-06-12,6,Jun,12,Wed,3,11,0,1,37.72
2024-06-12,6,Jun,12,Wed,3,17,0,2,75.44
2024-06-12,6,Jun,12,Wed,3,20,0,2,70.54
2024-06-13,6,Jun,13,Thu,4,8,0,2,65.64
2024-06-13,6,Jun,13,Thu,4,9,0,2,60.74
2024-06-13,6,Jun,13,Thu,4,17,0,2,70.54
2024-06-13,6,Jun,13,Thu,4,19,0,1,37.72
2024-06-13,6,Jun,13,Thu,4,20,0,4,111.68
2024-06-13,6,Jun,13,Thu,4,21,0,1,32.82
2024-06-14,6,Jun,14,Fri,5,7,0,1,27.92
2024-06-14,6,Jun,14,Fri,5,10,0,1,27.92
2024-06-14,6,Jun,14,Fri,5,12,0,1,37.72
2024-06-14,6,Jun,14,Fri,5,18,0,1,32.82
2024-06-15,6,Jun,15,Sat,6,11,1,1,37.72
2024-06-15,6,Jun,15,Sat,6,12,1,5,164.1
2024-06-15,6,Jun,15,Sat,6,16,1,1,32.82
2024-06-15,6,Jun,15,Sat,6,18,1,1,27.92
2024-06-16,6,Jun,16,Sun,7,10,1,2,70.54
2024-06-16,6,Jun,16,Sun,7,11,1,2,75.44
2024-06-16,6,Jun,16,Sun,7,12,1,1,32.82
2024-06-16,6,Jun,16,Sun,7,14,1,1,23.02
2024-06-16,6,Jun,16,Sun,7,15,1,3,103.36
2024-06-16,6,Jun,16,Sun,7,16,1,1,37.72
2024-06-16,6,Jun,16,Sun,7,17,1,2,65.64
2024-06-17,6,Jun,17,Mon,1,8,0,1,27.92
2024-06-17,6,Jun,17,Mon,1,10,0,3,93.56
2024-06-17,6,Jun,17,Mon,1,14,0,1,37.72
2024-06-17,6,Jun,17,Mon,1,16,0,3,103.36
2024-06-17,6,Jun,17,Mon,1,18,0,1,27.92
2024-06-17,6,Jun,17,Mon,1,21,0,1,32.82
2024-06-18,6,Jun,18,Tue,2,14,0,2,65.64
2024-06-18,6,Jun,18,Tue,2,19,0,2,75.44
2024-06-18,6,Jun,18,Tue,2,20,0,1,27.92
2024-06-18,6,Jun,18,Tue,2,21,0,2,65.64
2024-06-19,6,Jun,19,Wed,3,7,0,1,37.72
2024-06-19,6,Jun,19,Wed,3,8,0,1,27.92
2024-06-19,6,Jun,19,Wed,3,10,0,1,27.92
2024-06-19,6,Jun,19,Wed,3,11,0,2,75.44
2024-06-19,6,Jun,19,Wed,3,14,0,1,32.82
2024-06-19,6,Jun,19,Wed,3,18,0,2,75.44
2024-06-19,6,Jun,19,Wed,3,19,0,1,32.82
2024-06-19,6,Jun,19,Wed,3,21,0,2,70.54
2024-06-20,6,Jun,20,Thu,4,10,0,1,37.72
2024-06-20,6,Jun,20,Thu,4,18,0,1,37.72
2024-06-20,6,Jun,20,Thu,4,19,0,1,37.72
2024-06-20,6,Jun,20,Thu,4,21,0,3,108.26
2024-06-21,6,Jun,21,Fri,5,9,0,1,37.72
2024-06-21,6,Jun,21,Fri,5,10,0,1,27.92
2024-06-21,6,Jun,21,Fri,5,13,0,2,65.64
2024-06-21,6,Jun,21,Fri,5,18,0,1,23.02
2024-06-21,6,Jun,21,Fri,5,19,0,7,249.34
2024-06-22,6,Jun,22,Sat,6,8,1,1,27.92
2024-06-22,6,Jun,22,Sat,6,9,1,1,32.82
2024-06-22,6,Jun,22,Sat,6,12,1,1,32.82
2024-06-22,6,Jun,22,Sat,6,15,1,1,37.72
2024-06-22,6,Jun,22,Sat,6,22,1,1,37.72
2024-06-23,6,Jun,23,Sun,7,18,1,2,65.64
2024-06-23,6,Jun,23,Sun,7,21,1,3,113.16
2024-06-24,6,Jun,24,Mon,1,11,0,3,108.26
2024-06-24,6,Jun,24,Mon,1,15,0,1,37.72
2024-06-24,6,Jun,24,Mon,1,16,0,2,75.44
2024-06-25,6,Jun,25,Tue,2,8,0,1,37.72
2024-06-25,6,Jun,25,Tue,2,10,0,2,65.64
2024-06-25,6,Jun,25,Tue,2,11,0,1,37.72
2024-06-26,6,Jun,26,Wed,3,9,0,1,37.72
2024-06-26,6,Jun,26,Wed,3,16,0,2,50.94
2024-06-26,6,Jun,26,Wed,3,21,0,3,108.26
2024-06-27,6,Jun,27,Thu,4,9,0,1,32.82
2024-06-27,6,Jun,27,Thu,4,16,0,1,27.92
2024-06-27,6,Jun,27,Thu,4,21,0,2,70.54
2024-06-28,6,Jun,28,Fri,5,8,0,1,27.92
2024-06-28,6,Jun,28,Fri,5,17,0,1,23.02
2024-06-28,6,Jun,28,Fri,5,21,0,2,70.54
2024-06-28,6,Jun,28,Fri,5,22,0,1,37.72
2024-06-29,6,Jun,29,Sat,6,9,1,1,32.82
2024-06-29,6,Jun,29,Sat,6,11,1,2,65.64
2024-06-29,6,Jun,29,Sat,6,12,1,2,75.44
2024-06-29,6,Jun,29,Sat,6,17,1,2,75.44
2024-06-29,6,Jun,29,Sat,6,21,1,1,37.72
2024-06-30,6,Jun,30,Sun,7,10,1,1,37.72
2024-06-30,6,Jun,30,Sun,7,13,1,1,23.02
2024-06-30,6,Jun,30,Sun,7,16,1,1,37.72
2024-06-30,6,Jun,30,Sun,7,21,1,1,32.82
2024-07-01,7,Jul,1,Mon,1,18,0,3,98.46
2024-07-02,7,Jul,2,Tue,2,10,0,2,60.74
2024-07-02,7,Jul,2,Tue,2,12,0,1,37.72
2024-07-02,7,Jul,2,Tue,2,14,0,1,27.92
2024-07-02,7,Jul,2,Tue,2,16,0,1,32.82
2024-07-02,7,Jul,2,Tue,2,22,0,1,32.82
2024-07-03,7,Jul,3,Wed,3,13,0,1,32.82
2024-07-03,7,Jul,3,Wed,3,16,0,6,201.82
2024-07-03,7,Jul,3,Wed,3,17,0,1,37.72
2024-07-03,7,Jul,3,Wed,3,19,0,1,37.72
2024-07-04,7,Jul,4,Thu,4,10,0,2,60.74
2024-07-05,7,Jul,5,Fri,5,12,0,1,37.72
2024-07-05,7,Jul,5,Fri,5,13,0,2,65.64
2024-07-05,7,Jul,5,Fri,5,18,0,1,23.02
2024-07-05,7,Jul,5,Fri,5,19,0,1,27.92
2024-07-05,7,Jul,5,Fri,5,22,0,5,149.4
2024-07-06,7,Jul,6,Sat,6,10,1,1,37.72
2024-07-06,7,Jul,6,Sat,6,17,1,2,65.64
2024-07-06,7,Jul,6,Sat,6,19,1,2,60.74
2024-07-07,7,Jul,7,Sun,7,9,1,5,154.3
2024-07-07,7,Jul,7,Sun,7,14,1,2,65.64
2024-07-07,7,Jul,7,Sun,7,17,1,1,32.82
2024-07-07,7,Jul,7,Sun,7,19,1,1,32.82
2024-07-07,7,Jul,7,Sun,7,20,1,1,32.82
2024-07-07,7,Jul,7,Sun,7,22,1,1,27.92
2024-07-08,7,Jul,8,Mon,1,7,0,1,32.82
2024-07-08,7,Jul,8,Mon,1,12,0,1,23.02
2024-07-08,7,Jul,8,Mon,1,14,0,1,23.02
2024-07-08,7,Jul,8,Mon,1,19,0,1,27.92
2024-07-08,7,Jul,8,Mon,1,22,0,1,32.82
2024-07-09,7,Jul,9,Tue,2,10,0,2,55.84
2024-07-09,7,Jul,9,Tue,2,11,0,2,60.74
2024-07-09,7,Jul,9,Tue,2,16,0,1,27.92
2024-07-10,7,Jul,10,Wed,3,11,0,1,23.02
2024-07-10,7,Jul,10,Wed,3,12,0,1,27.92
2024-07-10,7,Jul,10,Wed,3,22,0,1,32.82
2024-07-11,7,Jul,11,Thu,4,11,0,1,32.82
2024-07-11,7,Jul,11,Thu,4,16,0,1,27.92
2024-07-11,7,Jul,11,Thu,4,22,0,2,55.84
2024-07-12,7,Jul,12,Fri,5,8,0,1,23.02
2024-07-12,7,Jul,12,Fri,5,11,0,1,32.82
2024-07-12,7,Jul,12,Fri,5,22,0,3,98.46
2024-07-13,7,Jul,13,Sat,6,10,1,1,32.82
2024-07-13,7,Jul,13,Sat,6,11,1,1,32.82
2024-07-14,7,Jul,14,Sun,7,10,1,4,116.58
2024-07-14,7,Jul,14,Sun,7,11,1,1,23.02
2024-07-14,7,Jul,14,Sun,7,22,1,1,32.82
2024-07-15,7,Jul,15,Mon,1,7,0,1,32.82
2024-07-16,7,Jul,16,Tue,2,12,0,1,27.92
2024-07-16,7,Jul,16,Tue,2,19,0,1,32.82
2024-07-17,7,Jul,17,Wed,3,13,0,1,27.92
2024-07-18,7,Jul,18,Thu,4,11,0,5,115.1
2024-07-18,7,Jul,18,Thu,4,13,0,1,32.82
2024-07-18,7,Jul,18,Thu,4,18,0,1,32.82
2024-07-18,7,Jul,18,Thu,4,19,0,1,32.82
2024-07-18,7,Jul,18,Thu,4,21,0,3,98.46
2024-07-19,7,Jul,19,Fri,5,11,0,2,50.94
2024-07-19,7,Jul,19,Fri,5,12,0,2,60.74
2024-07-19,7,Jul,19,Fri,5,14,0,2,65.64
2024-07-19,7,Jul,19,Fri,5,16,0,2,65.64
2024-07-20,7,Jul,20,Sat,6,8,1,3,78.86
2024-07-20,7,Jul,20,Sat,6,9,1,2,65.64
2024-07-20,7,Jul,20,Sat,6,10,1,1,23.02
2024-07-20,7,Jul,20,Sat,6,15,1,1,32.82
2024-07-21,7,Jul,21,Sun,7,10,1,1,32.82
2024-07-21,7,Jul,21,Sun,7,11,1,1,32.82
2024-07-21,7,Jul,21,Sun,7,13,1,2,55.84
2024-07-22,7,Jul,22,Mon,1,8,0,2,46.04
2024-07-22,7,Jul,22,Mon,1,10,0,1,27.92
2024-07-22,7,Jul,22,Mon,1,16,0,1,32.82
2024-07-23,7,Jul,23,Tue,2,8,0,5,149.4
2024-07-23,7,Jul,23,Tue,2,9,0,1,23.02
2024-07-23,7,Jul,23,Tue,2,10,0,1,27.92
2024-07-23,7,Jul,23,Tue,2,15,0,2,60.74
2024-07-23,7,Jul,23,Tue,2,21,0,3,78.86
2024-07-24,7,Jul,24,Wed,3,9,0,3,73.96
2024-07-24,7,Jul,24,Wed,3,11,0,1,32.82
2024-07-24,7,Jul,24,Wed,3,13,0,1,32.82
2024-07-24,7,Jul,24,Wed,3,14,0,1,18.12
2024-07-24,7,Jul,24,Wed,3,15,0,1,32.82
2024-07-24,7,Jul,24,Wed,3,19,0,2,65.64
2024-07-24,7,Jul,24,Wed,3,21,0,3,73.96
2024-07-25,7,Jul,25,Thu,4,7,0,1,23.02
2024-07-25,7,Jul,25,Thu,4,8,0,1,32.82
2024-07-25,7,Jul,25,Thu,4,10,0,1,27.92
2024-07-25,7,Jul,25,Thu,4,11,0,1,23.02
2024-07-25,7,Jul,25,Thu,4,15,0,1,32.82
2024-07-25,7,Jul,25,Thu,4,19,0,1,32.82
2024-07-25,7,Jul,25,Thu,4,21,0,2,41.14
2024-07-25,7,Jul,25,Thu,4,22,0,2,55.84
2024-07-26,7,Jul,26,Fri,5,8,0,1,32.82
2024-07-26,7,Jul,26,Fri,5,9,0,5,124.9
2024-07-26,7,Jul,26,Fri,5,10,0,1,32.82
2024-07-26,7,Jul,26,Fri,5,11,0,1,27.92
2024-07-26,7,Jul,26,Fri,5,12,0,3,93.56
2024-07-26,7,Jul,26,Fri,5,13,0,1,32.82
2024-07-26,7,Jul,26,Fri,5,17,0,2,55.84
2024-07-26,7,Jul,26,Fri,5,21,0,1,32.82
2024-07-26,7,Jul,26,Fri,5,22,0,1,27.92
2024-07-27,7,Jul,27,Sat,6,9,1,1,32.82
2024-07-27,7,Jul,27,Sat,6,11,1,1,27.92
2024-07-27,7,Jul,27,Sat,6,12,1,3,73.96
2024-07-27,7,Jul,27,Sat,6,14,1,2,50.94
2024-07-27,7,Jul,27,Sat,6,17,1,4,121.48
2024-07-27,7,Jul,27,Sat,6,20,1,1,32.82
2024-07-27,7,Jul,27,Sat,6,22,1,1,32.82
2024-07-28,7,Jul,28,Sun,7,11,1,1,18.12
2024-07-28,7,Jul,28,Sun,7,14,1,2,60.74
2024-07-29,7,Jul,29,Mon,1,8,0,1,32.82
2024-07-29,7,Jul,29,Mon,1,9,0,5,134.7
2024-07-29,7,Jul,29,Mon,1,10,0,2,65.64
2024-07-29,7,Jul,29,Mon,1,19,0,2,55.84
2024-07-29,7,Jul,29,Mon,1,21,0,1,32.82
2024-07-30,7,Jul,30,Tue,2,7,0,1,27.92
2024-07-30,7,Jul,30,Tue,2,8,0,2,55.84
2024-07-30,7,Jul,30,Tue,2,9,0,1,27.92
2024-07-30,7,Jul,30,Tue,2,10,0,3,83.76
2024-07-30,7,Jul,30,Tue,2,11,0,6,152.82
2024-07-30,7,Jul,30,Tue,2,12,0,1,32.82
2024-07-30,7,Jul,30,Tue,2,15,0,1,27.92
2024-07-30,7,Jul,30,Tue,2,16,0,2,50.94
2024-07-30,7,Jul,30,Tue,2,20,0,4,101.88
2024-07-30,7,Jul,30,Tue,2,21,0,1,32.82
2024-07-30,7,Jul,30,Tue,2,22,0,2,55.84
2024-07-31,7,Jul,31,Wed,3,7,0,1,27.92
2024-07-31,7,Jul,31,Wed,3,8,0,2,55.84
2024-07-31,7,Jul,31,Wed,3,9,0,3,73.96
2024-07-31,7,Jul,31,Wed,3,13,0,3,93.56
2024-07-31,7,Jul,31,Wed,3,17,0,1,23.02
2024-07-31,7,Jul,31,Wed,3,18,0,1,32.82
2024-07-31,7,Jul,31,Wed,3,19,0,2,55.84
2024-07-31,7,Jul,31,Wed,3,20,0,6,172.42
2024-07-31,7,Jul,31,Wed,3,21,0,3,98.46
2024-08-01,8,Aug,1,Thu,4,7,0,1,27.92
2024-08-01,8,Aug,1,Thu,4,9,0,1,27.92
2024-08-01,8,Aug,1,Thu,4,11,0,2,55.84
2024-08-01,8,Aug,1,Thu,4,13,0,3,88.66
2024-08-01,8,Aug,1,Thu,4,15,0,1,27.92
2024-08-01,8,Aug,1,Thu,4,16,0,2,50.94
2024-08-01,8,Aug,1,Thu,4,17,0,1,23.02
2024-08-01,8,Aug,1,Thu,4,20,0,1,32.82
2024-08-02,8,Aug,2,Fri,5,9,0,2,55.84
2024-08-02,8,Aug,2,Fri,5,11,0,1,23.02
2024-08-02,8,Aug,2,Fri,5,18,0,1,27.92
2024-08-02,8,Aug,2,Fri,5,21,0,1,32.82
2024-08-03,8,Aug,3,Sat,6,8,1,1,27.92
2024-08-03,8,Aug,3,Sat,6,9,1,2,55.84
2024-08-03,8,Aug,3,Sat,6,10,1,1,27.92
2024-08-03,8,Aug,3,Sat,6,11,1,4,92.08
2024-08-03,8,Aug,3,Sat,6,12,1,1,27.92
2024-08-03,8,Aug,3,Sat,6,16,1,1,27.92
2024-08-03,8,Aug,3,Sat,6,18,1,1,32.82
2024-08-03,8,Aug,3,Sat,6,21,1,2,65.64
2024-08-04,8,Aug,4,Sun,7,8,1,1,32.82
2024-08-04,8,Aug,4,Sun,7,10,1,1,27.92
2024-08-04,8,Aug,4,Sun,7,11,1,2,60.74
2024-08-04,8,Aug,4,Sun,7,15,1,2,65.64
2024-08-05,8,Aug,5,Mon,1,8,0,1,23.02
2024-08-05,8,Aug,5,Mon,1,9,0,1,27.92
2024-08-05,8,Aug,5,Mon,1,11,0,1,23.02
2024-08-05,8,Aug,5,Mon,1,13,0,1,32.82
2024-08-05,8,Aug,5,Mon,1,16,0,2,65.64
2024-08-05,8,Aug,5,Mon,1,17,0,2,60.74
2024-08-05,8,Aug,5,Mon,1,19,0,2,65.64
2024-08-05,8,Aug,5,Mon,1,20,0,2,65.64
2024-08-05,8,Aug,5,Mon,1,22,0,1,27.92
2024-08-06,8,Aug,6,Tue,2,10,0,2,55.84
2024-08-06,8,Aug,6,Tue,2,17,0,3,98.46
2024-08-06,8,Aug,6,Tue,2,19,0,2,60.74
2024-08-06,8,Aug,6,Tue,2,20,0,1,32.82
2024-08-07,8,Aug,7,Wed,3,8,0,1,27.92
2024-08-07,8,Aug,7,Wed,3,12,0,2,46.04
2024-08-07,8,Aug,7,Wed,3,13,0,1,18.12
2024-08-07,8,Aug,7,Wed,3,16,0,1,23.02
2024-08-07,8,Aug,7,Wed,3,19,0,1,32.82
2024-08-07,8,Aug,7,Wed,3,20,0,1,32.82
2024-08-07,8,Aug,7,Wed,3,21,0,1,32.82
2024-08-07,8,Aug,7,Wed,3,22,0,2,65.64
2024-08-08,8,Aug,8,Thu,4,8,0,2,41.14
2024-08-08,8,Aug,8,Thu,4,12,0,3,73.96
2024-08-08,8,Aug,8,Thu,4,16,0,1,32.82
2024-08-08,8,Aug,8,Thu,4,17,0,1,32.82
2024-08-08,8,Aug,8,Thu,4,21,0,1,27.92
2024-08-09,8,Aug,9,Fri,5,7,0,1,32.82
2024-08-09,8,Aug,9,Fri,5,9,0,1,23.02
2024-08-09,8,Aug,9,Fri,5,10,0,2,50.94
2024-08-09,8,Aug,9,Fri,5,11,0,2,55.84
2024-08-09,8,Aug,9,Fri,5,18,0,1,23.02
2024-08-09,8,Aug,9,Fri,5,19,0,1,32.82
2024-08-10,8,Aug,10,Sat,6,8,1,3,83.76
2024-08-10,8,Aug,10,Sat,6,11,1,2,46.04
2024-08-10,8,Aug,10,Sat,6,12,1,2,60.74
2024-08-10,8,Aug,10,Sat,6,16,1,1,32.82
2024-08-10,8,Aug,10,Sat,6,21,1,3,98.46
2024-08-11,8,Aug,11,Sun,7,9,1,2,65.64
2024-08-11,8,Aug,11,Sun,7,10,1,1,27.92
2024-08-11,8,Aug,11,Sun,7,11,1,2,60.74
2024-08-11,8,Aug,11,Sun,7,12,1,1,23.02
2024-08-11,8,Aug,11,Sun,7,15,1,3,93.56
2024-08-11,8,Aug,11,Sun,7,16,1,2,50.94
2024-08-11,8,Aug,11,Sun,7,21,1,3,88.66
2024-08-11,8,Aug,11,Sun,7,22,1,1,32.82
2024-08-12,8,Aug,12,Mon,1,8,0,1,32.82
2024-08-12,8,Aug,12,Mon,1,11,0,4,116.58
2024-08-12,8,Aug,12,Mon,1,14,0,2,46.04
2024-08-12,8,Aug,12,Mon,1,15,0,1,27.92
2024-08-12,8,Aug,12,Mon,1,18,0,1,27.92
2024-08-12,8,Aug,12,Mon,1,21,0,2,60.74
2024-08-12,8,Aug,12,Mon,1,22,0,2,65.64
2024-08-13,8,Aug,13,Tue,2,8,0,1,27.92
2024-08-13,8,Aug,13,Tue,2,9,0,2,55.84
2024-08-13,8,Aug,13,Tue,2,10,0,1,23.02
2024-08-13,8,Aug,13,Tue,2,11,0,1,32.82
2024-08-13,8,Aug,13,Tue,2,13,0,1,27.92
2024-08-13,8,Aug,13,Tue,2,14,0,1,32.82
2024-08-13,8,Aug,13,Tue,2,15,0,2,60.74
2024-08-13,8,Aug,13,Tue,2,20,0,3,98.46
2024-08-13,8,Aug,13,Tue,2,21,0,1,23.02
2024-08-14,8,Aug,14,Wed,3,7,0,2,65.64
2024-08-14,8,Aug,14,Wed,3,10,0,1,23.02
2024-08-14,8,Aug,14,Wed,3,11,0,1,18.12
2024-08-14,8,Aug,14,Wed,3,12,0,2,46.04
2024-08-14,8,Aug,14,Wed,3,15,0,1,32.82
2024-08-14,8,Aug,14,Wed,3,17,0,1,23.02
2024-08-14,8,Aug,14,Wed,3,18,0,2,50.94
2024-08-14,8,Aug,14,Wed,3,19,0,2,55.84
2024-08-14,8,Aug,14,Wed,3,21,0,1,32.82
2024-08-15,8,Aug,15,Thu,4,9,0,4,121.48
2024-08-15,8,Aug,15,Thu,4,12,0,1,32.82
2024-08-15,8,Aug,15,Thu,4,13,0,1,32.82
2024-08-15,8,Aug,15,Thu,4,14,0,2,41.14
2024-08-15,8,Aug,15,Thu,4,17,0,1,27.92
2024-08-15,8,Aug,15,Thu,4,19,0,4,111.68
2024-08-15,8,Aug,15,Thu,4,20,0,1,32.82
2024-08-15,8,Aug,15,Thu,4,21,0,2,46.04
2024-08-16,8,Aug,16,Fri,5,12,0,2,55.84
2024-08-16,8,Aug,16,Fri,5,13,0,1,27.92
2024-08-16,8,Aug,16,Fri,5,15,0,2,36.24
2024-08-17,8,Aug,17,Sat,6,9,1,2,60.74
2024-08-17,8,Aug,17,Sat,6,10,1,1,27.92
2024-08-17,8,Aug,17,Sat,6,11,1,2,46.04
2024-08-17,8,Aug,17,Sat,6,13,1,1,27.92
2024-08-17,8,Aug,17,Sat,6,16,1,2,55.84
2024-08-17,8,Aug,17,Sat,6,18,1,1,32.82
2024-08-17,8,Aug,17,Sat,6,21,1,1,27.92
2024-08-17,8,Aug,17,Sat,6,22,1,1,32.82
2024-08-18,8,Aug,18,Sun,7,8,1,4,116.58
2024-08-18,8,Aug,18,Sun,7,12,1,1,32.82
2024-08-18,8,Aug,18,Sun,7,14,1,1,27.92
2024-08-18,8,Aug,18,Sun,7,18,1,4,101.88
2024-08-19,8,Aug,19,Mon,1,15,0,2,55.84
2024-08-19,8,Aug,19,Mon,1,21,0,2,65.64
2024-08-20,8,Aug,20,Tue,2,8,0,4,96.98
2024-08-20,8,Aug,20,Tue,2,9,0,1,27.92
2024-08-20,8,Aug,20,Tue,2,11,0,4,101.88
2024-08-20,8,Aug,20,Tue,2,20,0,4,131.28
2024-08-21,8,Aug,21,Wed,3,7,0,1,27.92
2024-08-21,8,Aug,21,Wed,3,8,0,1,23.02
2024-08-21,8,Aug,21,Wed,3,10,0,2,50.94
2024-08-21,8,Aug,21,Wed,3,11,0,1,23.02
2024-08-21,8,Aug,21,Wed,3,13,0,1,32.82
2024-08-21,8,Aug,21,Wed,3,19,0,1,32.82
2024-08-22,8,Aug,22,Thu,4,9,0,1,23.02
2024-08-22,8,Aug,22,Thu,4,10,0,2,55.84
2024-08-22,8,Aug,22,Thu,4,14,0,2,65.64
2024-08-22,8,Aug,22,Thu,4,15,0,2,55.84
2024-08-23,8,Aug,23,Fri,5,7,0,1,32.82
2024-08-23,8,Aug,23,Fri,5,8,0,4,101.88
2024-08-23,8,Aug,23,Fri,5,9,0,1,27.92
2024-08-23,8,Aug,23,Fri,5,10,0,3,78.86
2024-08-23,8,Aug,23,Fri,5,11,0,1,32.82
2024-08-23,8,Aug,23,Fri,5,13,0,1,23.02
2024-08-23,8,Aug,23,Fri,5,15,0,1,23.02
2024-08-23,8,Aug,23,Fri,5,19,0,1,32.82
2024-08-24,8,Aug,24,Sat,6,8,1,3,69.06
2024-08-24,8,Aug,24,Sat,6,10,1,3,59.26
2024-08-25,8,Aug,25,Sun,7,8,1,3,69.06
2024-08-25,8,Aug,25,Sun,7,9,1,1,32.82
2024-08-25,8,Aug,25,Sun,7,12,1,1,32.82
2024-08-25,8,Aug,25,Sun,7,14,1,1,32.82
2024-08-26,8,Aug,26,Mon,1,8,0,3,69.06
2024-08-26,8,Aug,26,Mon,1,9,0,1,27.92
2024-08-26,8,Aug,26,Mon,1,10,0,2,65.64
2024-08-26,8,Aug,26,Mon,1,12,0,2,46.04
2024-08-26,8,Aug,26,Mon,1,18,0,2,60.74
2024-08-26,8,Aug,26,Mon,1,22,0,1,27.92
2024-08-27,8,Aug,27,Tue,2,10,0,1,32.82
2024-08-28,8,Aug,28,Wed,3,12,0,3,83.76
2024-08-28,8,Aug,28,Wed,3,13,0,1,27.92
2024-08-29,8,Aug,29,Thu,4,7,0,1,23.02
2024-08-30,8,Aug,30,Fri,5,17,0,3,88.66
2024-08-31,8,Aug,31,Sat,6,9,1,1,23.02
2024-08-31,8,Aug,31,Sat,6,10,1,2,46.04
2024-08-31,8,Aug,31,Sat,6,11,1,3,73.96
2024-09-01,9,Sep,1,Sun,7,9,1,1,23.02
2024-09-01,9,Sep,1,Sun,7,12,1,4,111.68
2024-09-01,9,Sep,1,Sun,7,13,1,1,32.82
2024-09-01,9,Sep,1,Sun,7,14,1,1,27.92
2024-09-01,9,Sep,1,Sun,7,17,1,3,98.46
2024-09-02,9,Sep,2,Mon,1,8,0,3,93.56
2024-09-02,9,Sep,2,Mon,1,14,0,1,27.92
2024-09-02,9,Sep,2,Mon,1,20,0,4,111.68
2024-09-03,9,Sep,3,Tue,2,8,0,3,98.46
2024-09-03,9,Sep,3,Tue,2,9,0,8,247.86
2024-09-03,9,Sep,3,Tue,2,12,0,1,23.02
2024-09-03,9,Sep,3,Tue,2,14,0,2,55.84
2024-09-03,9,Sep,3,Tue,2,18,0,1,27.92
2024-09-03,9,Sep,3,Tue,2,19,0,2,60.74
2024-09-04,9,Sep,4,Wed,3,11,0,4,111.68
2024-09-04,9,Sep,4,Wed,3,12,0,1,32.82
2024-09-04,9,Sep,4,Wed,3,13,0,2,60.74
2024-09-04,9,Sep,4,Wed,3,18,0,1,32.82
2024-09-04,9,Sep,4,Wed,3,19,0,1,27.92
2024-09-04,9,Sep,4,Wed,3,21,0,1,32.82
2024-09-05,9,Sep,5,Thu,4,9,0,1,27.92
2024-09-05,9,Sep,5,Thu,4,10,0,1,27.92
2024-09-05,9,Sep,5,Thu,4,11,0,1,23.02
2024-09-05,9,Sep,5,Thu,4,14,0,1,32.82
2024-09-05,9,Sep,5,Thu,4,15,0,1,32.82
2024-09-05,9,Sep,5,Thu,4,16,0,2,50.94
2024-09-05,9,Sep,5,Thu,4,17,0,2,65.64
2024-09-05,9,Sep,5,Thu,4,20,0,3,88.66
2024-09-05,9,Sep,5,Thu,4,21,0,2,55.84
2024-09-06,9,Sep,6,Fri,5,8,0,3,88.66
2024-09-06,9,Sep,6,Fri,5,9,0,2,50.94
2024-09-06,9,Sep,6,Fri,5,10,0,1,32.82
2024-09-06,9,Sep,6,Fri,5,11,0,2,36.24
2024-09-06,9,Sep,6,Fri,5,20,0,1,32.82
2024-09-06,9,Sep,6,Fri,5,21,0,1,32.82
2024-09-07,9,Sep,7,Sat,6,8,1,1,32.82
2024-09-07,9,Sep,7,Sat,6,9,1,5,124.9
2024-09-07,9,Sep,7,Sat,6,10,1,5,115.1
2024-09-07,9,Sep,7,Sat,6,11,1,3,69.06
2024-09-07,9,Sep,7,Sat,6,15,1,1,32.82
2024-09-07,9,Sep,7,Sat,6,16,1,2,41.14
2024-09-07,9,Sep,7,Sat,6,19,1,3,98.46
2024-09-07,9,Sep,7,Sat,6,20,1,2,65.64
2024-09-08,9,Sep,8,Sun,7,8,1,1,23.02
2024-09-08,9,Sep,8,Sun,7,9,1,2,46.04
2024-09-08,9,Sep,8,Sun,7,10,1,1,23.02
2024-09-08,9,Sep,8,Sun,7,12,1,1,23.02
2024-09-08,9,Sep,8,Sun,7,20,1,1,23.02
2024-09-09,9,Sep,9,Mon,1,7,0,4,126.38
2024-09-09,9,Sep,9,Mon,1,9,0,3,98.46
2024-09-09,9,Sep,9,Mon,1,11,0,3,88.66
2024-09-09,9,Sep,9,Mon,1,12,0,1,18.12
2024-09-09,9,Sep,9,Mon,1,15,0,2,55.84
2024-09-09,9,Sep,9,Mon,1,17,0,1,32.82
2024-09-09,9,Sep,9,Mon,1,18,0,1,32.82
2024-09-09,9,Sep,9,Mon,1,20,0,2,65.64
2024-09-10,9,Sep,10,Tue,2,8,0,1,32.82
2024-09-10,9,Sep,10,Tue,2,9,0,1,32.82
2024-09-10,9,Sep,10,Tue,2,15,0,2,46.04
2024-09-10,9,Sep,10,Tue,2,18,0,2,60.74
2024-09-10,9,Sep,10,Tue,2,19,0,2,65.64
2024-09-10,9,Sep,10,Tue,2,21,0,2,50.94
2024-09-11,9,Sep,11,Wed,3,8,0,1,32.82
2024-09-11,9,Sep,11,Wed,3,9,0,1,27.92
2024-09-11,9,Sep,11,Wed,3,10,0,1,32.82
2024-09-11,9,Sep,11,Wed,3,19,0,1,32.82
2024-09-11,9,Sep,11,Wed,3,20,0,3,93.56
2024-09-11,9,Sep,11,Wed,3,21,0,1,23.02
2024-09-12,9,Sep,12,Thu,4,10,0,2,46.04
2024-09-12,9,Sep,12,Thu,4,11,0,1,27.92
2024-09-12,9,Sep,12,Thu,4,12,0,5,124.9
2024-09-12,9,Sep,12,Thu,4,17,0,1,32.82
2024-09-12,9,Sep,12,Thu,4,21,0,3,78.86
2024-09-13,9,Sep,13,Fri,5,7,0,1,32.82
2024-09-13,9,Sep,13,Fri,5,8,0,2,65.64
2024-09-13,9,Sep,13,Fri,5,9,0,1,32.82
2024-09-13,9,Sep,13,Fri,5,15,0,2,55.84
2024-09-14,9,Sep,14,Sat,6,16,1,2,65.64
2024-09-15,9,Sep,15,Sun,7,8,1,1,18.12
2024-09-15,9,Sep,15,Sun,7,9,1,1,27.92
2024-09-15,9,Sep,15,Sun,7,13,1,1,23.02
2024-09-15,9,Sep,15,Sun,7,14,1,3,78.86
2024-09-16,9,Sep,16,Mon,1,13,0,2,60.74
2024-09-16,9,Sep,16,Mon,1,15,0,1,32.82
2024-09-16,9,Sep,16,Mon,1,17,0,2,60.74
2024-09-16,9,Sep,16,Mon,1,18,0,2,65.64
2024-09-16,9,Sep,16,Mon,1,21,0,4,116.58
2024-09-17,9,Sep,17,Tue,2,7,0,1,23.02
2024-09-17,9,Sep,17,Tue,2,8,0,3,83.76
2024-09-17,9,Sep,17,Tue,2,9,0,3,88.66
2024-09-17,9,Sep,17,Tue,2,12,0,3,78.86
2024-09-17,9,Sep,17,Tue,2,13,0,2,50.94
2024-09-17,9,Sep,17,Tue,2,16,0,2,65.64
2024-09-17,9,Sep,17,Tue,2,18,0,1,32.82
2024-09-17,9,Sep,17,Tue,2,19,0,6,172.42
2024-09-17,9,Sep,17,Tue,2,22,0,2,65.64
2024-09-18,9,Sep,18,Wed,3,14,0,1,32.82
2024-09-18,9,Sep,18,Wed,3,17,0,1,32.82
2024-09-18,9,Sep,18,Wed,3,21,0,2,55.84
2024-09-19,9,Sep,19,Thu,4,8,0,2,50.94
2024-09-19,9,Sep,19,Thu,4,10,0,1,32.82
2024-09-19,9,Sep,19,Thu,4,12,0,1,23.02
2024-09-19,9,Sep,19,Thu,4,13,0,2,50.94
2024-09-20,9,Sep,20,Fri,5,8,0,1,27.92
2024-09-20,9,Sep,20,Fri,5,9,0,1,27.92
2024-09-20,9,Sep,20,Fri,5,13,0,1,27.92
2024-09-20,9,Sep,20,Fri,5,16,0,1,32.82
2024-09-20,9,Sep,20,Fri,5,20,0,1,23.02
2024-09-20,9,Sep,20,Fri,5,21,0,2,55.84
2024-09-21,9,Sep,21,Sat,6,11,1,4,111.68
2024-09-21,9,Sep,21,Sat,6,15,1,2,65.64
2024-09-21,9,Sep,21,Sat,6,18,1,2,65.64
2024-09-21,9,Sep,21,Sat,6,20,1,4,111.68
2024-09-21,9,Sep,21,Sat,6,22,1,3,73.96
2024-09-22,9,Sep,22,Sun,7,8,1,1,23.02
2024-09-22,9,Sep,22,Sun,7,10,1,2,60.74
2024-09-22,9,Sep,22,Sun,7,11,1,4,96.98
2024-09-22,9,Sep,22,Sun,7,12,1,1,27.92
2024-09-22,9,Sep,22,Sun,7,13,1,3,83.76
2024-09-22,9,Sep,22,Sun,7,15,1,2,60.74
2024-09-22,9,Sep,22,Sun,7,16,1,1,32.82
2024-09-22,9,Sep,22,Sun,7,20,1,4,121.48
2024-09-22,9,Sep,22,Sun,7,21,1,4,121.48
2024-09-22,9,Sep,22,Sun,7,22,1,2,50.94
2024-09-23,9,Sep,23,Mon,1,9,0,1,27.92
2024-09-23,9,Sep,23,Mon,1,10,0,1,23.02
2024-09-23,9,Sep,23,Mon,1,12,0,1,23.02
2024-09-23,9,Sep,23,Mon,1,14,0,1,27.92
2024-09-23,9,Sep,23,Mon,1,17,0,1,32.82
2024-09-23,9,Sep,23,Mon,1,18,0,1,23.02
2024-09-23,9,Sep,23,Mon,1,19,0,1,32.82
2024-09-23,9,Sep,23,Mon,1,20,0,1,32.82
2024-09-23,9,Sep,23,Mon,1,22,0,2,55.84
2024-09-24,9,Sep,24,Tue,2,8,0,1,27.92
2024-09-24,9,Sep,24,Tue,2,12,0,4,131.28
2024-09-24,9,Sep,24,Tue,2,14,0,2,55.84
2024-09-24,9,Sep,24,Tue,2,15,0,1,32.82
2024-09-24,9,Sep,24,Tue,2,16,0,1,32.82
2024-09-24,9,Sep,24,Tue,2,18,0,2,46.04
2024-09-24,9,Sep,24,Tue,2,20,0,1,32.82
2024-09-24,9,Sep,24,Tue,2,21,0,3,88.66
2024-09-25,9,Sep,25,Wed,3,7,0,1,32.82
2024-09-25,9,Sep,25,Wed,3,11,0,3,83.76
2024-09-25,9,Sep,25,Wed,3,13,0,2,55.84
2024-09-25,9,Sep,25,Wed,3,17,0,2,55.84
2024-09-25,9,Sep,25,Wed,3,21,0,1,23.02
2024-09-25,9,Sep,25,Wed,3,22,0,1,27.92
2024-09-26,9,Sep,26,Thu,4,8,0,1,32.82
2024-09-26,9,Sep,26,Thu,4,10,0,2,46.04
2024-09-26,9,Sep,26,Thu,4,11,0,1,32.82
2024-09-26,9,Sep,26,Thu,4,12,0,1,32.82
2024-09-26,9,Sep,26,Thu,4,18,0,1,32.82
2024-09-26,9,Sep,26,Thu,4,22,0,3,83.76
2024-09-27,9,Sep,27,Fri,5,9,0,3,83.76
2024-09-27,9,Sep,27,Fri,5,10,0,1,27.92
2024-09-27,9,Sep,27,Fri,5,11,0,1,27.92
2024-09-27,9,Sep,27,Fri,5,13,0,4,116.58
2024-09-27,9,Sep,27,Fri,5,18,0,4,131.28
2024-09-27,9,Sep,27,Fri,5,20,0,3,93.56
2024-09-28,9,Sep,28,Sat,6,8,1,1,27.92
2024-09-28,9,Sep,28,Sat,6,9,1,1,27.92
2024-09-28,9,Sep,28,Sat,6,14,1,1,35.76
2024-09-28,9,Sep,28,Sat,6,16,1,1,35.76
2024-09-28,9,Sep,28,Sat,6,17,1,1,30.86
2024-09-28,9,Sep,28,Sat,6,20,1,2,71.52
2024-09-28,9,Sep,28,Sat,6,22,1,4,133.24
2024-09-29,9,Sep,29,Sun,7,10,1,5,164.1
2024-09-29,9,Sep,29,Sun,7,12,1,4,133.24
2024-09-29,9,Sep,29,Sun,7,18,1,1,35.76
2024-09-29,9,Sep,29,Sun,7,22,1,1,35.76
2024-09-30,9,Sep,30,Mon,1,8,0,2,51.92
2024-09-30,9,Sep,30,Mon,1,9,0,1,35.76
2024-09-30,9,Sep,30,Mon,1,10,0,2,56.82
2024-09-30,9,Sep,30,Mon,1,11,0,1,30.86
2024-09-30,9,Sep,30,Mon,1,16,0,1,30.86
2024-09-30,9,Sep,30,Mon,1,19,0,4,128.34
2024-09-30,9,Sep,30,Mon,1,20,0,2,61.72
2024-09-30,9,Sep,30,Mon,1,21,0,1,30.86
2024-10-01,10,Oct,1,Tue,2,7,0,1,35.76
2024-10-01,10,Oct,1,Tue,2,9,0,1,30.86
2024-10-01,10,Oct,1,Tue,2,10,0,2,61.72
2024-10-01,10,Oct,1,Tue,2,11,0,1,30.86
2024-10-01,10,Oct,1,Tue,2,12,0,2,61.72
2024-10-01,10,Oct,1,Tue,2,14,0,2,56.82
2024-10-01,10,Oct,1,Tue,2,16,0,2,61.72
2024-10-01,10,Oct,1,Tue,2,18,0,3,107.28
2024-10-01,10,Oct,1,Tue,2,20,0,1,35.76
2024-10-02,10,Oct,2,Wed,3,7,0,1,35.76
2024-10-02,10,Oct,2,Wed,3,8,0,1,25.96
2024-10-02,10,Oct,2,Wed,3,9,0,1,30.86
2024-10-02,10,Oct,2,Wed,3,10,0,2,66.62
2024-10-02,10,Oct,2,Wed,3,11,0,1,35.76
2024-10-02,10,Oct,2,Wed,3,15,0,1,35.76
2024-10-02,10,Oct,2,Wed,3,18,0,1,35.76
2024-10-02,10,Oct,2,Wed,3,22,0,3,107.28
2024-10-03,10,Oct,3,Thu,4,13,0,1,35.76
2024-10-03,10,Oct,3,Thu,4,15,0,1,30.86
2024-10-03,10,Oct,3,Thu,4,20,0,2,61.72
2024-10-03,10,Oct,3,Thu,4,21,0,4,143.04
2024-10-04,10,Oct,4,Fri,5,8,0,2,51.92
2024-10-04,10,Oct,4,Fri,5,9,0,4,108.74
2024-10-04,10,Oct,4,Fri,5,17,0,3,107.28
2024-10-05,10,Oct,5,Sat,6,9,1,3,87.68
2024-10-05,10,Oct,5,Sat,6,13,1,1,35.76
2024-10-05,10,Oct,5,Sat,6,20,1,2,51.92
2024-10-06,10,Oct,6,Sun,7,8,1,1,25.96
2024-10-06,10,Oct,6,Sun,7,10,1,2,61.72
2024-10-06,10,Oct,6,Sun,7,11,1,1,35.76
2024-10-06,10,Oct,6,Sun,7,12,1,3,102.38
2024-10-06,10,Oct,6,Sun,7,13,1,5,164.1
2024-10-06,10,Oct,6,Sun,7,16,1,2,56.82
2024-10-06,10,Oct,6,Sun,7,18,1,2,66.62
2024-10-06,10,Oct,6,Sun,7,21,1,4,143.04
2024-10-07,10,Oct,7,Mon,1,8,0,3,102.38
2024-10-07,10,Oct,7,Mon,1,9,0,2,71.52
2024-10-07,10,Oct,7,Mon,1,12,0,1,30.86
2024-10-07,10,Oct,7,Mon,1,14,0,2,51.92
2024-10-07,10,Oct,7,Mon,1,17,0,1,35.76
2024-10-07,10,Oct,7,Mon,1,21,0,3,107.28
2024-10-08,10,Oct,8,Tue,2,8,0,1,35.76
2024-10-08,10,Oct,8,Tue,2,9,0,1,30.86
2024-10-08,10,Oct,8,Tue,2,10,0,2,61.72
2024-10-08,10,Oct,8,Tue,2,11,0,1,35.76
2024-10-08,10,Oct,8,Tue,2,12,0,2,51.92
2024-10-08,10,Oct,8,Tue,2,13,0,2,71.52
2024-10-08,10,Oct,8,Tue,2,14,0,1,35.76
2024-10-08,10,Oct,8,Tue,2,15,0,3,92.58
2024-10-08,10,Oct,8,Tue,2,20,0,3,107.28
2024-10-08,10,Oct,8,Tue,2,21,0,2,61.72
2024-10-09,10,Oct,9,Wed,3,7,0,1,35.76
2024-10-09,10,Oct,9,Wed,3,8,0,1,30.86
2024-10-09,10,Oct,9,Wed,3,9,0,2,66.62
2024-10-09,10,Oct,9,Wed,3,10,0,1,21.06
2024-10-09,10,Oct,9,Wed,3,11,0,1,25.96
2024-10-09,10,Oct,9,Wed,3,13,0,2,66.62
2024-10-09,10,Oct,9,Wed,3,17,0,3,82.78
2024-10-09,10,Oct,9,Wed,3,20,0,1,35.76
2024-10-10,10,Oct,10,Thu,4,8,0,1,25.96
2024-10-10,10,Oct,10,Thu,4,9,0,2,66.62
2024-10-10,10,Oct,10,Thu,4,10,0,4,123.44
2024-10-10,10,Oct,10,Thu,4,11,0,1,35.76
2024-10-10,10,Oct,10,Thu,4,15,0,1,35.76
2024-10-10,10,Oct,10,Thu,4,17,0,1,35.76
2024-10-10,10,Oct,10,Thu,4,18,0,3,92.58
2024-10-10,10,Oct,10,Thu,4,22,0,2,71.52
2024-10-11,10,Oct,11,Fri,5,7,0,1,30.86
2024-10-11,10,Oct,11,Fri,5,8,0,7,235.62
2024-10-11,10,Oct,11,Fri,5,9,0,2,56.82
2024-10-11,10,Oct,11,Fri,5,10,0,3,82.78
2024-10-11,10,Oct,11,Fri,5,13,0,3,87.68
2024-10-11,10,Oct,11,Fri,5,14,0,3,97.48
2024-10-11,10,Oct,11,Fri,5,17,0,3,107.28
2024-10-11,10,Oct,11,Fri,5,21,0,2,66.62
2024-10-11,10,Oct,11,Fri,5,22,0,2,71.52
2024-10-12,10,Oct,12,Sat,6,8,1,1,25.96
2024-10-12,10,Oct,12,Sat,6,10,1,2,51.92
2024-10-12,10,Oct,12,Sat,6,11,1,2,66.62
2024-10-12,10,Oct,12,Sat,6,13,1,1,35.76
2024-10-12,10,Oct,12,Sat,6,20,1,1,35.76
2024-10-13,10,Oct,13,Sun,7,9,1,1,25.96
2024-10-13,10,Oct,13,Sun,7,12,1,1,30.86
2024-10-13,10,Oct,13,Sun,7,13,1,3,72.98
2024-10-13,10,Oct,13,Sun,7,17,1,2,71.52
2024-10-13,10,Oct,13,Sun,7,18,1,1,35.76
2024-10-13,10,Oct,13,Sun,7,20,1,1,35.76
2024-10-14,10,Oct,14,Mon,1,8,0,1,30.86
2024-10-14,10,Oct,14,Mon,1,9,0,1,35.76
2024-10-14,10,Oct,14,Mon,1,10,0,3,97.48
2024-10-14,10,Oct,14,Mon,1,11,0,3,87.68
2024-10-14,10,Oct,14,Mon,1,14,0,2,71.52
2024-10-14,10,Oct,14,Mon,1,16,0,1,25.96
2024-10-14,10,Oct,14,Mon,1,18,0,2,71.52
2024-10-14,10,Oct,14,Mon,1,22,0,3,107.28
2024-10-15,10,Oct,15,Tue,2,8,0,2,47.02
2024-10-15,10,Oct,15,Tue,2,11,0,3,107.28
2024-10-15,10,Oct,15,Tue,2,13,0,2,66.62
2024-10-15,10,Oct,15,Tue,2,15,0,3,82.78
2024-10-15,10,Oct,15,Tue,2,17,0,1,35.76
2024-10-15,10,Oct,15,Tue,2,19,0,2,61.72
2024-10-15,10,Oct,15,Tue,2,20,0,2,71.52
2024-10-15,10,Oct,15,Tue,2,21,0,2,71.52
2024-10-15,10,Oct,15,Tue,2,22,0,1,35.76
2024-10-16,10,Oct,16,Wed,3,8,0,2,66.62
2024-10-16,10,Oct,16,Wed,3,9,0,1,35.76
2024-10-16,10,Oct,16,Wed,3,10,0,3,92.58
2024-10-16,10,Oct,16,Wed,3,11,0,1,25.96
2024-10-16,10,Oct,16,Wed,3,12,0,1,30.86
2024-10-16,10,Oct,16,Wed,3,13,0,1,25.96
2024-10-16,10,Oct,16,Wed,3,16,0,1,35.76
2024-10-16,10,Oct,16,Wed,3,17,0,1,30.86
2024-10-16,10,Oct,16,Wed,3,19,0,2,61.72
2024-10-16,10,Oct,16,Wed,3,21,0,1,35.76
2024-10-17,10,Oct,17,Thu,4,7,0,2,71.52
2024-10-17,10,Oct,17,Thu,4,9,0,1,30.86
2024-10-17,10,Oct,17,Thu,4,10,0,2,71.52
2024-10-17,10,Oct,17,Thu,4,11,0,1,30.86
2024-10-17,10,Oct,17,Thu,4,13,0,1,35.76
2024-10-17,10,Oct,17,Thu,4,14,0,1,25.96
2024-10-17,10,Oct,17,Thu,4,16,0,5,178.8
2024-10-17,10,Oct,17,Thu,4,17,0,2,71.52
2024-10-17,10,Oct,17,Thu,4,19,0,1,35.76
2024-10-17,10,Oct,17,Thu,4,20,0,1,30.86
2024-10-17,10,Oct,17,Thu,4,21,0,4,143.04
2024-10-18,10,Oct,18,Fri,5,8,0,2,71.52
2024-10-18,10,Oct,18,Fri,5,9,0,3,107.28
2024-10-18,10,Oct,18,Fri,5,11,0,1,35.76
2024-10-18,10,Oct,18,Fri,5,14,0,2,71.52
2024-10-18,10,Oct,18,Fri,5,15,0,1,25.96
2024-10-18,10,Oct,18,Fri,5,16,0,1,35.76
2024-10-18,10,Oct,18,Fri,5,17,0,1,35.76
2024-10-18,10,Oct,18,Fri,5,21,0,3,102.38
2024-10-18,10,Oct,18,Fri,5,22,0,1,35.76
2024-10-19,10,Oct,19,Sat,6,8,1,1,30.86
2024-10-19,10,Oct,19,Sat,6,13,1,1,35.76
2024-10-19,10,Oct,19,Sat,6,14,1,1,35.76
2024-10-19,10,Oct,19,Sat,6,15,1,2,71.52
2024-10-19,10,Oct,19,Sat,6,16,1,2,71.52
2024-10-19,10,Oct,19,Sat,6,21,1,1,35.76
2024-10-19,10,Oct,19,Sat,6,22,1,1,35.76
2024-10-20,10,Oct,20,Sun,7,8,1,2,71.52
2024-10-20,10,Oct,20,Sun,7,11,1,1,35.76
2024-10-20,10,Oct,20,Sun,7,14,1,2,61.72
2024-10-20,10,Oct,20,Sun,7,15,1,1,30.86
2024-10-20,10,Oct,20,Sun,7,16,1,2,71.52
2024-10-20,10,Oct,20,Sun,7,17,1,1,35.76
2024-10-20,10,Oct,20,Sun,7,18,1,2,71.52
2024-10-20,10,Oct,20,Sun,7,21,1,4,133.24
2024-10-20,10,Oct,20,Sun,7,22,1,1,35.76
2024-10-21,10,Oct,21,Mon,1,7,0,1,35.76
2024-10-21,10,Oct,21,Mon,1,8,0,1,35.76
2024-10-21,10,Oct,21,Mon,1,9,0,2,66.62
2024-10-21,10,Oct,21,Mon,1,10,0,3,77.88
2024-10-21,10,Oct,21,Mon,1,11,0,1,21.06
2024-10-21,10,Oct,21,Mon,1,12,0,1,35.76
2024-10-21,10,Oct,21,Mon,1,14,0,2,71.52
2024-10-21,10,Oct,21,Mon,1,15,0,2,56.82
2024-10-21,10,Oct,21,Mon,1,16,0,2,71.52
2024-10-21,10,Oct,21,Mon,1,19,0,1,35.76
2024-10-21,10,Oct,21,Mon,1,21,0,1,35.76
2024-10-21,10,Oct,21,Mon,1,22,0,2,71.52
2024-10-22,10,Oct,22,Tue,2,7,0,2,71.52
2024-10-22,10,Oct,22,Tue,2,8,0,1,30.86
2024-10-22,10,Oct,22,Tue,2,9,0,1,25.96
2024-10-22,10,Oct,22,Tue,2,10,0,2,47.02
2024-10-22,10,Oct,22,Tue,2,18,0,1,25.96
2024-10-22,10,Oct,22,Tue,2,19,0,2,71.52
2024-10-23,10,Oct,23,Wed,3,7,0,1,35.76
2024-10-23,10,Oct,23,Wed,3,8,0,1,30.86
2024-10-23,10,Oct,23,Wed,3,10,0,1,25.96
2024-10-23,10,Oct,23,Wed,3,12,0,1,30.86
2024-10-23,10,Oct,23,Wed,3,16,0,3,97.48
2024-10-23,10,Oct,23,Wed,3,17,0,1,21.06
2024-10-23,10,Oct,23,Wed,3,18,0,1,35.76
2024-10-23,10,Oct,23,Wed,3,19,0,1,35.76
2024-10-23,10,Oct,23,Wed,3,21,0,2,66.62
2024-10-23,10,Oct,23,Wed,3,22,0,1,35.76
2024-10-24,10,Oct,24,Thu,4,12,0,1,25.96
2024-10-24,10,Oct,24,Thu,4,13,0,1,35.76
2024-10-24,10,Oct,24,Thu,4,14,0,3,107.28
2024-10-24,10,Oct,24,Thu,4,15,0,2,71.52
2024-10-24,10,Oct,24,Thu,4,18,0,2,51.92
2024-10-24,10,Oct,24,Thu,4,19,0,1,35.76
2024-10-24,10,Oct,24,Thu,4,20,0,1,25.96
2024-10-24,10,Oct,24,Thu,4,21,0,4,143.04
2024-10-25,10,Oct,25,Fri,5,7,0,2,56.82
2024-10-25,10,Oct,25,Fri,5,8,0,3,107.28
2024-10-25,10,Oct,25,Fri,5,10,0,3,82.78
2024-10-25,10,Oct,25,Fri,5,11,0,2,71.52
2024-10-25,10,Oct,25,Fri,5,12,0,2,61.72
2024-10-25,10,Oct,25,Fri,5,14,0,1,35.76
2024-10-25,10,Oct,25,Fri,5,22,0,2,56.82
2024-10-26,10,Oct,26,Sat,6,7,1,1,35.76
2024-10-26,10,Oct,26,Sat,6,8,1,2,61.72
2024-10-26,10,Oct,26,Sat,6,10,1,1,25.96
2024-10-26,10,Oct,26,Sat,6,12,1,1,35.76
2024-10-26,10,Oct,26,Sat,6,13,1,1,35.76
2024-10-26,10,Oct,26,Sat,6,14,1,2,66.62
2024-10-26,10,Oct,26,Sat,6,15,1,6,185.16
2024-10-26,10,Oct,26,Sat,6,19,1,1,35.76
2024-10-26,10,Oct,26,Sat,6,20,1,1,30.86
2024-10-27,10,Oct,27,Sun,7,11,1,1,30.86
2024-10-27,10,Oct,27,Sun,7,12,1,2,66.62
2024-10-27,10,Oct,27,Sun,7,13,1,1,35.76
2024-10-27,10,Oct,27,Sun,7,16,1,1,35.76
2024-10-28,10,Oct,28,Mon,1,7,0,1,35.76
2024-10-28,10,Oct,28,Mon,1,8,0,2,61.72
2024-10-28,10,Oct,28,Mon,1,9,0,1,30.86
2024-10-28,10,Oct,28,Mon,1,11,0,2,71.52
2024-10-28,10,Oct,28,Mon,1,12,0,3,102.38
2024-10-28,10,Oct,28,Mon,1,14,0,3,92.58
2024-10-28,10,Oct,28,Mon,1,16,0,1,35.76
2024-10-28,10,Oct,28,Mon,1,17,0,2,71.52
2024-10-28,10,Oct,28,Mon,1,19,0,1,35.76
2024-10-28,10,Oct,28,Mon,1,21,0,1,30.86
2024-10-28,10,Oct,28,Mon,1,22,0,1,30.86
2024-10-29,10,Oct,29,Tue,2,8,0,2,71.52
2024-10-29,10,Oct,29,Tue,2,9,0,1,35.76
2024-10-29,10,Oct,29,Tue,2,11,0,1,30.86
2024-10-29,10,Oct,29,Tue,2,12,0,1,21.06
2024-10-29,10,Oct,29,Tue,2,14,0,3,87.68
2024-10-29,10,Oct,29,Tue,2,16,0,3,107.28
2024-10-29,10,Oct,29,Tue,2,18,0,2,61.72
2024-10-29,10,Oct,29,Tue,2,19,0,4,138.14
2024-10-29,10,Oct,29,Tue,2,20,0,1,35.76
2024-10-30,10,Oct,30,Wed,3,7,0,1,35.76
2024-10-30,10,Oct,30,Wed,3,8,0,2,61.72
2024-10-30,10,Oct,30,Wed,3,9,0,1,35.76
2024-10-30,10,Oct,30,Wed,3,10,0,2,71.52
2024-10-30,10,Oct,30,Wed,3,12,0,4,118.54
2024-10-30,10,Oct,30,Wed,3,15,0,2,71.52
2024-10-30,10,Oct,30,Wed,3,16,0,1,30.86
2024-10-30,10,Oct,30,Wed,3,18,0,1,35.76
2024-10-30,10,Oct,30,Wed,3,19,0,2,61.72
2024-10-31,10,Oct,31,Thu,4,7,0,1,35.76
2024-10-31,10,Oct,31,Thu,4,8,0,1,35.76
2024-10-31,10,Oct,31,Thu,4,9,0,1,30.86
2024-10-31,10,Oct,31,Thu,4,15,0,1,35.76
2024-10-31,10,Oct,31,Thu,4,16,0,1,30.86
2024-11-01,11,Nov,1,Fri,5,8,0,2,61.72
2024-11-01,11,Nov,1,Fri,5,10,0,1,35.76
2024-11-01,11,Nov,1,Fri,5,12,0,2,71.52
2024-11-01,11,Nov,1,Fri,5,15,0,1,25.96
2024-11-01,11,Nov,1,Fri,5,22,0,1,30.86
2024-11-02,11,Nov,2,Sat,6,8,1,1,25.96
2024-11-02,11,Nov,2,Sat,6,10,1,2,66.62
2024-11-02,11,Nov,2,Sat,6,14,1,1,30.86
2024-11-02,11,Nov,2,Sat,6,16,1,3,107.28
2024-11-02,11,Nov,2,Sat,6,18,1,2,56.82
2024-11-03,11,Nov,3,Sun,7,8,1,1,25.96
2024-11-03,11,Nov,3,Sun,7,9,1,2,61.72
2024-11-03,11,Nov,3,Sun,7,13,1,5,159.2
2024-11-03,11,Nov,3,Sun,7,16,1,4,123.44
2024-11-03,11,Nov,3,Sun,7,20,1,1,35.76
2024-11-04,11,Nov,4,Mon,1,7,0,1,35.76
2024-11-04,11,Nov,4,Mon,1,8,0,2,66.62
2024-11-04,11,Nov,4,Mon,1,12,0,2,56.82
2024-11-04,11,Nov,4,Mon,1,14,0,2,71.52
2024-11-05,11,Nov,5,Tue,2,7,0,1,35.76
2024-11-05,11,Nov,5,Tue,2,9,0,3,97.48
2024-11-05,11,Nov,5,Tue,2,10,0,1,30.86
2024-11-05,11,Nov,5,Tue,2,11,0,2,71.52
2024-11-05,11,Nov,5,Tue,2,14,0,2,71.52
2024-11-05,11,Nov,5,Tue,2,18,0,3,107.28
2024-11-05,11,Nov,5,Tue,2,21,0,3,107.28
2024-11-05,11,Nov,5,Tue,2,22,0,2,66.62
2024-11-06,11,Nov,6,Wed,3,8,0,1,35.76
2024-11-06,11,Nov,6,Wed,3,11,0,1,21.06
2024-11-06,11,Nov,6,Wed,3,13,0,1,25.96
2024-11-06,11,Nov,6,Wed,3,15,0,1,35.76
2024-11-06,11,Nov,6,Wed,3,16,0,2,71.52
2024-11-06,11,Nov,6,Wed,3,18,0,2,71.52
2024-11-07,11,Nov,7,Thu,4,12,0,1,35.76
2024-11-07,11,Nov,7,Thu,4,15,0,1,25.96
2024-11-07,11,Nov,7,Thu,4,16,0,1,25.96
2024-11-07,11,Nov,7,Thu,4,18,0,1,35.76
2024-11-07,11,Nov,7,Thu,4,19,0,2,71.52
2024-11-07,11,Nov,7,Thu,4,20,0,1,35.76
2024-11-08,11,Nov,8,Fri,5,9,0,3,82.78
2024-11-08,11,Nov,8,Fri,5,11,0,1,35.76
2024-11-08,11,Nov,8,Fri,5,13,0,2,71.52
2024-11-08,11,Nov,8,Fri,5,16,0,2,61.72
2024-11-08,11,Nov,8,Fri,5,20,0,3,107.28
2024-11-08,11,Nov,8,Fri,5,22,0,1,35.76
2024-11-09,11,Nov,9,Sat,6,10,1,1,30.86
2024-11-09,11,Nov,9,Sat,6,11,1,3,87.68
2024-11-09,11,Nov,9,Sat,6,13,1,2,71.52
2024-11-09,11,Nov,9,Sat,6,14,1,3,97.48
2024-11-09,11,Nov,9,Sat,6,15,1,1,30.86
2024-11-09,11,Nov,9,Sat,6,16,1,2,71.52
2024-11-09,11,Nov,9,Sat,6,20,1,2,61.72
2024-11-09,11,Nov,9,Sat,6,22,1,3,87.68
2024-11-10,11,Nov,10,Sun,7,9,1,1,25.96
2024-11-10,11,Nov,10,Sun,7,17,1,1,35.76
2024-11-10,11,Nov,10,Sun,7,18,1,2,71.52
2024-11-10,11,Nov,10,Sun,7,20,1,2,71.52
2024-11-11,11,Nov,11,Mon,1,7,0,1,35.76
2024-11-11,11,Nov,11,Mon,1,9,0,1,30.86
2024-11-11,11,Nov,11,Mon,1,10,0,1,25.96
2024-11-11,11,Nov,11,Mon,1,16,0,2,71.52
2024-11-11,11,Nov,11,Mon,1,17,0,1,35.76
2024-11-11,11,Nov,11,Mon,1,19,0,2,71.52
2024-11-11,11,Nov,11,Mon,1,21,0,2,71.52
2024-11-12,11,Nov,12,Tue,2,10,0,1,35.76
2024-11-12,11,Nov,12,Tue,2,13,0,1,35.76
2024-11-12,11,Nov,12,Tue,2,14,0,1,35.76
2024-11-12,11,Nov,12,Tue,2,16,0,3,107.28
2024-11-12,11,Nov,12,Tue,2,18,0,1,35.76
2024-11-12,11,Nov,12,Tue,2,20,0,2,71.52
2024-11-13,11,Nov,13,Wed,3,8,0,1,30.86
2024-11-13,11,Nov,13,Wed,3,10,0,1,35.76
2024-11-13,11,Nov,13,Wed,3,13,0,2,61.72
2024-11-13,11,Nov,13,Wed,3,14,0,2,66.62
2024-11-14,11,Nov,14,Thu,4,9,0,1,35.76
2024-11-14,11,Nov,14,Thu,4,10,0,1,25.96
2024-11-14,11,Nov,14,Thu,4,12,0,1,21.06
2024-11-14,11,Nov,14,Thu,4,15,0,3,107.28
2024-11-14,11,Nov,14,Thu,4,16,0,2,66.62
2024-11-14,11,Nov,14,Thu,4,19,0,2,71.52
2024-11-14,11,Nov,14,Thu,4,20,0,2,71.52
2024-11-14,11,Nov,14,Thu,4,21,0,1,35.76
2024-11-14,11,Nov,14,Thu,4,22,0,1,35.76
2024-11-15,11,Nov,15,Fri,5,8,0,1,30.86
2024-11-15,11,Nov,15,Fri,5,11,0,1,30.86
2024-11-15,11,Nov,15,Fri,5,12,0,2,71.52
2024-11-15,11,Nov,15,Fri,5,13,0,1,35.76
2024-11-15,11,Nov,15,Fri,5,15,0,1,25.96
2024-11-15,11,Nov,15,Fri,5,17,0,2,66.62
2024-11-15,11,Nov,15,Fri,5,18,0,3,97.48
2024-11-16,11,Nov,16,Sat,6,10,1,2,51.92
2024-11-16,11,Nov,16,Sat,6,11,1,3,97.48
2024-11-16,11,Nov,16,Sat,6,12,1,4,138.14
2024-11-16,11,Nov,16,Sat,6,13,1,3,102.38
2024-11-16,11,Nov,16,Sat,6,14,1,1,30.86
2024-11-17,11,Nov,17,Sun,7,10,1,1,30.86
2024-11-17,11,Nov,17,Sun,7,13,1,1,30.86
2024-11-17,11,Nov,17,Sun,7,14,1,2,56.82
2024-11-17,11,Nov,17,Sun,7,16,1,2,71.52
2024-11-17,11,Nov,17,Sun,7,18,1,1,35.76
2024-11-17,11,Nov,17,Sun,7,19,1,2,71.52
2024-11-18,11,Nov,18,Mon,1,7,0,3,97.48
2024-11-18,11,Nov,18,Mon,1,16,0,2,71.52
2024-11-18,11,Nov,18,Mon,1,18,0,1,35.76
2024-11-19,11,Nov,19,Tue,2,7,0,5,159.2
2024-11-19,11,Nov,19,Tue,2,10,0,1,30.86
2024-11-19,11,Nov,19,Tue,2,11,0,1,35.76
2024-11-19,11,Nov,19,Tue,2,16,0,4,143.04
2024-11-20,11,Nov,20,Wed,3,13,0,1,30.86
2024-11-20,11,Nov,20,Wed,3,16,0,1,35.76
2024-11-20,11,Nov,20,Wed,3,17,0,2,71.52
2024-11-21,11,Nov,21,Thu,4,11,0,1,25.96
2024-11-21,11,Nov,21,Thu,4,12,0,2,71.52
2024-11-21,11,Nov,21,Thu,4,13,0,1,35.76
2024-11-21,11,Nov,21,Thu,4,16,0,1,35.76
2024-11-21,11,Nov,21,Thu,4,17,0,2,56.82
2024-11-21,11,Nov,21,Thu,4,19,0,1,35.76
2024-11-22,11,Nov,22,Fri,5,7,0,1,35.76
2024-11-22,11,Nov,22,Fri,5,10,0,1,35.76
2024-11-22,11,Nov,22,Fri,5,11,0,2,71.52
2024-11-22,11,Nov,22,Fri,5,16,0,2,71.52
2024-11-23,11,Nov,23,Sat,6,9,1,2,51.92
2024-11-23,11,Nov,23,Sat,6,10,1,1,35.76
2024-11-23,11,Nov,23,Sat,6,11,1,4,123.44
2024-11-23,11,Nov,23,Sat,6,22,1,1,35.76
2024-11-24,11,Nov,24,Sun,7,8,1,1,35.76
2024-11-25,11,Nov,25,Mon,1,7,0,2,71.52
2024-11-25,11,Nov,25,Mon,1,9,0,1,30.86
2024-11-25,11,Nov,25,Mon,1,10,0,1,25.96
2024-11-25,11,Nov,25,Mon,1,12,0,2,71.52
2024-11-25,11,Nov,25,Mon,1,16,0,1,35.76
2024-11-25,11,Nov,25,Mon,1,19,0,2,66.62
2024-11-25,11,Nov,25,Mon,1,21,0,2,71.52
2024-11-26,11,Nov,26,Tue,2,7,0,1,35.76
2024-11-26,11,Nov,26,Tue,2,11,0,4,133.24
2024-11-26,11,Nov,26,Tue,2,16,0,2,71.52
2024-11-26,11,Nov,26,Tue,2,17,0,2,56.82
2024-11-26,11,Nov,26,Tue,2,19,0,1,35.76
2024-11-28,11,Nov,28,Thu,4,8,0,1,35.76
2024-11-28,11,Nov,28,Thu,4,9,0,1,30.86
2024-11-28,11,Nov,28,Thu,4,20,0,3,102.38
2024-11-28,11,Nov,28,Thu,4,22,0,1,35.76
2024-11-29,11,Nov,29,Fri,5,7,0,2,71.52
2024-11-29,11,Nov,29,Fri,5,9,0,2,61.72
2024-11-29,11,Nov,29,Fri,5,15,0,2,66.62
2024-11-29,11,Nov,29,Fri,5,20,0,1,35.76
2024-11-30,11,Nov,30,Sat,6,12,1,1,35.76
2024-11-30,11,Nov,30,Sat,6,14,1,3,97.48
2024-11-30,11,Nov,30,Sat,6,15,1,1,30.86
2024-11-30,11,Nov,30,Sat,6,22,1,1,30.86
2024-12-01,12,Dec,1,Sun,7,10,1,3,92.58
2024-12-01,12,Dec,1,Sun,7,14,1,1,30.86
2024-12-01,12,Dec,1,Sun,7,15,1,5,178.8
2024-12-01,12,Dec,1,Sun,7,16,1,2,71.52
2024-12-01,12,Dec,1,Sun,7,17,1,2,61.72
2024-12-01,12,Dec,1,Sun,7,18,1,1,30.86
2024-12-02,12,Dec,2,Mon,1,7,0,2,61.72
2024-12-02,12,Dec,2,Mon,1,8,0,2,66.62
2024-12-02,12,Dec,2,Mon,1,11,0,1,25.96
2024-12-02,12,Dec,2,Mon,1,15,0,1,21.06
2024-12-02,12,Dec,2,Mon,1,16,0,1,35.76
2024-12-02,12,Dec,2,Mon,1,17,0,1,25.96
2024-12-02,12,Dec,2,Mon,1,18,0,1,35.76
2024-12-03,12,Dec,3,Tue,2,8,0,1,35.76
2024-12-03,12,Dec,3,Tue,2,9,0,2,61.72
2024-12-03,12,Dec,3,Tue,2,11,0,4,118.54
2024-12-03,12,Dec,3,Tue,2,20,0,1,35.76
2024-12-03,12,Dec,3,Tue,2,21,0,3,107.28
2024-12-03,12,Dec,3,Tue,2,22,0,2,66.62
2024-12-04,12,Dec,4,Wed,3,8,0,3,97.48
2024-12-04,12,Dec,4,Wed,3,9,0,1,25.96
2024-12-04,12,Dec,4,Wed,3,10,0,4,128.34
2024-12-04,12,Dec,4,Wed,3,11,0,1,30.86
2024-12-04,12,Dec,4,Wed,3,14,0,1,35.76
2024-12-05,12,Dec,5,Thu,4,8,0,1,25.96
2024-12-05,12,Dec,5,Thu,4,9,0,1,25.96
2024-12-05,12,Dec,5,Thu,4,10,0,2,61.72
2024-12-05,12,Dec,5,Thu,4,11,0,2,61.72
2024-12-05,12,Dec,5,Thu,4,14,0,1,35.76
2024-12-05,12,Dec,5,Thu,4,15,0,1,35.76
2024-12-05,12,Dec,5,Thu,4,16,0,1,35.76
2024-12-06,12,Dec,6,Fri,5,11,0,1,35.76
2024-12-06,12,Dec,6,Fri,5,16,0,1,35.76
2024-12-06,12,Dec,6,Fri,5,22,0,2,71.52
2024-12-07,12,Dec,7,Sat,6,11,1,1,30.86
2024-12-07,12,Dec,7,Sat,6,14,1,1,25.96
2024-12-07,12,Dec,7,Sat,6,15,1,1,35.76
2024-12-07,12,Dec,7,Sat,6,19,1,1,35.76
2024-12-07,12,Dec,7,Sat,6,22,1,2,56.82
2024-12-08,12,Dec,8,Sun,7,8,1,1,25.96
2024-12-08,12,Dec,8,Sun,7,10,1,2,71.52
2024-12-08,12,Dec,8,Sun,7,12,1,1,25.96
2024-12-08,12,Dec,8,Sun,7,13,1,2,61.72
2024-12-08,12,Dec,8,Sun,7,17,1,1,35.76
2024-12-08,12,Dec,8,Sun,7,18,1,1,21.06
2024-12-08,12,Dec,8,Sun,7,20,1,1,35.76
2024-12-08,12,Dec,8,Sun,7,21,1,2,61.72
2024-12-09,12,Dec,9,Mon,1,8,0,1,35.76
2024-12-09,12,Dec,9,Mon,1,9,0,2,56.82
2024-12-09,12,Dec,9,Mon,1,13,0,1,25.96
2024-12-09,12,Dec,9,Mon,1,21,0,1,35.76
2024-12-10,12,Dec,10,Tue,2,12,0,1,25.96
2024-12-10,12,Dec,10,Tue,2,18,0,1,35.76
2024-12-11,12,Dec,11,Wed,3,7,0,1,35.76
2024-12-11,12,Dec,11,Wed,3,10,0,1,25.96
2024-12-11,12,Dec,11,Wed,3,12,0,2,56.82
2024-12-11,12,Dec,11,Wed,3,17,0,1,35.76
2024-12-11,12,Dec,11,Wed,3,21,0,2,71.52
2024-12-12,12,Dec,12,Thu,4,7,0,1,30.86
2024-12-12,12,Dec,12,Thu,4,12,0,1,25.96
2024-12-12,12,Dec,12,Thu,4,16,0,3,68.08
2024-12-12,12,Dec,12,Thu,4,19,0,2,71.52
2024-12-13,12,Dec,13,Fri,5,12,0,3,87.68
2024-12-13,12,Dec,13,Fri,5,14,0,1,35.76
2024-12-13,12,Dec,13,Fri,5,16,0,1,35.76
2024-12-13,12,Dec,13,Fri,5,19,0,2,71.52
2024-12-13,12,Dec,13,Fri,5,21,0,1,35.76
2024-12-14,12,Dec,14,Sat,6,8,1,1,30.86
2024-12-14,12,Dec,14,Sat,6,9,1,1,35.76
2024-12-14,12,Dec,14,Sat,6,11,1,1,35.76
2024-12-14,12,Dec,14,Sat,6,13,1,2,61.72
2024-12-14,12,Dec,14,Sat,6,16,1,3,87.68
2024-12-14,12,Dec,14,Sat,6,17,1,2,51.92
2024-12-14,12,Dec,14,Sat,6,18,1,1,30.86
2024-12-15,12,Dec,15,Sun,7,11,1,2,71.52
2024-12-15,12,Dec,15,Sun,7,17,1,1,35.76
2024-12-16,12,Dec,16,Mon,1,7,0,1,35.76
2024-12-16,12,Dec,16,Mon,1,8,0,2,71.52
2024-12-16,12,Dec,16,Mon,1,12,0,1,30.86
2024-12-16,12,Dec,16,Mon,1,13,0,1,35.76
2024-12-16,12,Dec,16,Mon,1,14,0,1,35.76
2024-12-16,12,Dec,16,Mon,1,18,0,2,66.62
2024-12-17,12,Dec,17,Tue,2,8,0,2,61.72
2024-12-17,12,Dec,17,Tue,2,10,0,1,30.86
2024-12-17,12,Dec,17,Tue,2,16,0,2,61.72
2024-12-17,12,Dec,17,Tue,2,17,0,1,35.76
2024-12-17,12,Dec,17,Tue,2,18,0,1,35.76
2024-12-18,12,Dec,18,Wed,3,9,0,1,35.76
2024-12-18,12,Dec,18,Wed,3,10,0,3,102.38
2024-12-19,12,Dec,19,Thu,4,10,0,1,35.76
2024-12-19,12,Dec,19,Thu,4,11,0,1,30.86
2024-12-19,12,Dec,19,Thu,4,12,0,1,21.06
2024-12-19,12,Dec,19,Thu,4,13,0,1,35.76
2024-12-19,12,Dec,19,Thu,4,19,0,4,138.14
2024-12-19,12,Dec,19,Thu,4,21,0,2,71.52
2024-12-20,12,Dec,20,Fri,5,8,0,1,25.96
2024-12-20,12,Dec,20,Fri,5,9,0,1,30.86
2024-12-20,12,Dec,20,Fri,5,10,0,2,61.72
2024-12-20,12,Dec,20,Fri,5,12,0,2,51.92
2024-12-20,12,Dec,20,Fri,5,14,0,1,25.96
2024-12-20,12,Dec,20,Fri,5,18,0,2,71.52
2024-12-21,12,Dec,21,Sat,6,10,1,3,97.48
2024-12-21,12,Dec,21,Sat,6,15,1,4,138.14
2024-12-21,12,Dec,21,Sat,6,17,1,1,35.76
2024-12-21,12,Dec,21,Sat,6,18,1,2,61.72
2024-12-21,12,Dec,21,Sat,6,19,1,2,56.82
2024-12-21,12,Dec,21,Sat,6,21,1,2,61.72
2024-12-21,12,Dec,21,Sat,6,22,1,1,25.96
2024-12-22,12,Dec,22,Sun,7,10,1,1,35.76
2024-12-22,12,Dec,22,Sun,7,18,1,1,35.76
2024-12-22,12,Dec,22,Sun,7,19,1,2,71.52
2024-12-22,12,Dec,22,Sun,7,20,1,1,35.76
2024-12-22,12,Dec,22,Sun,7,21,1,2,61.72
2024-12-23,12,Dec,23,Mon,1,9,0,2,56.82
2024-12-23,12,Dec,23,Mon,1,10,0,1,30.86
2024-12-23,12,Dec,23,Mon,1,11,0,1,35.76
2024-12-23,12,Dec,23,Mon,1,14,0,1,35.76
2024-12-23,12,Dec,23,Mon,1,15,0,1,30.86
2024-12-23,12,Dec,23,Mon,1,16,0,1,35.76
2024-12-23,12,Dec,23,Mon,1,17,0,2,61.72
2024-12-23,12,Dec,23,Mon,1,20,0,1,25.96
2024-12-24,12,Dec,24,Tue,2,15,0,1,30.86
2024-12-24,12,Dec,24,Tue,2,16,0,1,35.76
2024-12-24,12,Dec,24,Tue,2,17,0,1,25.96
2024-12-24,12,Dec,24,Tue,2,19,0,4,128.34
2024-12-25,12,Dec,25,Wed,3,10,0,2,71.52
2024-12-25,12,Dec,25,Wed,3,12,0,2,56.82
2024-12-25,12,Dec,25,Wed,3,13,0,2,56.82
2024-12-25,12,Dec,25,Wed,3,20,0,1,35.76
2024-12-25,12,Dec,25,Wed,3,21,0,3,107.28
2024-12-25,12,Dec,25,Wed,3,22,0,2,66.62
2024-12-26,12,Dec,26,Thu,4,13,0,1,35.76
2024-12-26,12,Dec,26,Thu,4,15,0,1,21.06
2024-12-27,12,Dec,27,Fri,5,7,0,1,25.96
2024-12-27,12,Dec,27,Fri,5,8,0,1,25.96
2024-12-27,12,Dec,27,Fri,5,9,0,1,25.96
2024-12-27,12,Dec,27,Fri,5,10,0,1,30.86
2024-12-27,12,Dec,27,Fri,5,17,0,1,35.76
2024-12-27,12,Dec,27,Fri,5,19,0,2,56.82
2024-12-27,12,Dec,27,Fri,5,22,0,1,35.76
2024-12-28,12,Dec,28,Sat,6,9,1,2,51.92
2024-12-28,12,Dec,28,Sat,6,10,1,2,66.62
2024-12-28,12,Dec,28,Sat,6,14,1,2,71.52
2024-12-28,12,Dec,28,Sat,6,17,1,1,35.76
2024-12-28,12,Dec,28,Sat,6,22,1,1,35.76
2024-12-29,12,Dec,29,Sun,7,13,1,1,25.96
2024-12-29,12,Dec,29,Sun,7,15,1,2,47.02
2024-12-29,12,Dec,29,Sun,7,17,1,2,47.02
2024-12-29,12,Dec,29,Sun,7,19,1,1,25.96
2024-12-29,12,Dec,29,Sun,7,20,1,1,35.76
2024-12-29,12,Dec,29,Sun,7,21,1,1,35.76
2024-12-30,12,Dec,30,Mon,1,9,0,2,56.82
2024-12-30,12,Dec,30,Mon,1,13,0,2,71.52
2024-12-30,12,Dec,30,Mon,1,15,0,2,66.62
2024-12-30,12,Dec,30,Mon,1,16,0,3,92.58
2024-12-31,12,Dec,31,Tue,2,8,0,1,25.96
2024-12-31,12,Dec,31,Tue,2,9,0,3,97.48
2024-12-31,12,Dec,31,Tue,2,10,0,2,61.72
2024-12-31,12,Dec,31,Tue,2,11,0,2,66.62
2024-12-31,12,Dec,31,Tue,2,15,0,2,47.02
2024-12-31,12,Dec,31,Tue,2,16,0,1,35.76
2024-12-31,12,Dec,31,Tue,2,17,0,3,102.38
2024-12-31,12,Dec,31,Tue,2,19,0,2,71.52
2025-01-02,1,Jan,2,Thu,4,9,0,1,30.86
2025-01-02,1,Jan,2,Thu,4,13,0,2,71.52
2025-01-02,1,Jan,2,Thu,4,14,0,2,51.92
2025-01-02,1,Jan,2,Thu,4,16,0,3,92.58
2025-01-02,1,Jan,2,Thu,4,17,0,1,35.76
2025-01-03,1,Jan,3,Fri,5,9,0,1,25.96
2025-01-03,1,Jan,3,Fri,5,10,0,1,30.86
2025-01-03,1,Jan,3,Fri,5,16,0,1,30.86
2025-01-03,1,Jan,3,Fri,5,22,0,4,123.44
2025-01-04,1,Jan,4,Sat,6,8,1,1,25.96
2025-01-04,1,Jan,4,Sat,6,9,1,1,25.96
2025-01-04,1,Jan,4,Sat,6,13,1,1,35.76
2025-01-04,1,Jan,4,Sat,6,15,1,1,35.76
2025-01-04,1,Jan,4,Sat,6,16,1,4,128.34
2025-01-04,1,Jan,4,Sat,6,18,1,1,25.96
2025-01-04,1,Jan,4,Sat,6,22,1,1,35.76
2025-01-05,1,Jan,5,Sun,7,9,1,1,30.86
2025-01-05,1,Jan,5,Sun,7,10,1,1,35.76
2025-01-05,1,Jan,5,Sun,7,22,1,1,30.86
2025-01-06,1,Jan,6,Mon,1,19,0,1,25.96
2025-01-07,1,Jan,7,Tue,2,13,0,1,35.76
2025-01-07,1,Jan,7,Tue,2,22,0,2,71.52
2025-01-08,1,Jan,8,Wed,3,7,0,1,30.86
2025-01-08,1,Jan,8,Wed,3,9,0,1,35.76
2025-01-08,1,Jan,8,Wed,3,10,0,1,25.96
2025-01-08,1,Jan,8,Wed,3,17,0,1,35.76
2025-01-09,1,Jan,9,Thu,4,8,0,2,61.72
2025-01-09,1,Jan,9,Thu,4,9,0,1,30.86
2025-01-09,1,Jan,9,Thu,4,14,0,1,21.06
2025-01-09,1,Jan,9,Thu,4,15,0,3,92.58
2025-01-09,1,Jan,9,Thu,4,20,0,1,30.86
2025-01-09,1,Jan,9,Thu,4,22,0,1,35.76
2025-01-10,1,Jan,10,Fri,5,8,0,1,30.86
2025-01-10,1,Jan,10,Fri,5,9,0,1,30.86
2025-01-10,1,Jan,10,Fri,5,17,0,3,102.38
2025-01-11,1,Jan,11,Sat,6,7,1,1,30.86
2025-01-11,1,Jan,11,Sat,6,10,1,1,35.76
2025-01-11,1,Jan,11,Sat,6,11,1,3,97.48
2025-01-11,1,Jan,11,Sat,6,12,1,2,71.52
2025-01-11,1,Jan,11,Sat,6,14,1,4,133.24
2025-01-11,1,Jan,11,Sat,6,17,1,3,87.68
2025-01-11,1,Jan,11,Sat,6,18,1,1,30.86
2025-01-12,1,Jan,12,Sun,7,11,1,3,87.68
2025-01-12,1,Jan,12,Sun,7,16,1,1,35.76
2025-01-12,1,Jan,12,Sun,7,20,1,1,30.86
2025-01-13,1,Jan,13,Mon,1,8,0,1,30.86
2025-01-13,1,Jan,13,Mon,1,9,0,1,30.86
2025-01-13,1,Jan,13,Mon,1,13,0,2,61.72
2025-01-13,1,Jan,13,Mon,1,14,0,2,71.52
2025-01-13,1,Jan,13,Mon,1,16,0,1,35.76
2025-01-13,1,Jan,13,Mon,1,20,0,1,21.06
2025-01-14,1,Jan,14,Tue,2,7,0,1,35.76
2025-01-14,1,Jan,14,Tue,2,9,0,1,25.96
2025-01-14,1,Jan,14,Tue,2,10,0,1,30.86
2025-01-14,1,Jan,14,Tue,2,12,0,1,35.76
2025-01-14,1,Jan,14,Tue,2,16,0,2,61.72
2025-01-14,1,Jan,14,Tue,2,19,0,1,35.76
2025-01-14,1,Jan,14,Tue,2,21,0,1,35.76
2025-01-15,1,Jan,15,Wed,3,9,0,1,30.86
2025-01-15,1,Jan,15,Wed,3,11,0,1,25.96
2025-01-15,1,Jan,15,Wed,3,13,0,1,35.76
2025-01-15,1,Jan,15,Wed,3,15,0,3,107.28
2025-01-15,1,Jan,15,Wed,3,16,0,1,35.76
2025-01-15,1,Jan,15,Wed,3,18,0,1,35.76
2025-01-15,1,Jan,15,Wed,3,19,0,1,35.76
2025-01-15,1,Jan,15,Wed,3,21,0,1,35.76
2025-01-16,1,Jan,16,Thu,4,9,0,2,66.62
2025-01-16,1,Jan,16,Thu,4,10,0,1,30.86
2025-01-16,1,Jan,16,Thu,4,12,0,1,25.96
2025-01-16,1,Jan,16,Thu,4,15,0,1,35.76
2025-01-16,1,Jan,16,Thu,4,16,0,1,35.76
2025-01-16,1,Jan,16,Thu,4,18,0,1,35.76
2025-01-16,1,Jan,16,Thu,4,21,0,3,97.48
2025-01-17,1,Jan,17,Fri,5,7,0,1,35.76
2025-01-17,1,Jan,17,Fri,5,8,0,3,102.38
2025-01-17,1,Jan,17,Fri,5,9,0,1,30.86
2025-01-17,1,Jan,17,Fri,5,14,0,2,71.52
2025-01-17,1,Jan,17,Fri,5,17,0,1,35.76
2025-01-17,1,Jan,17,Fri,5,21,0,1,35.76
2025-01-18,1,Jan,18,Sat,6,10,1,1,30.86
2025-01-18,1,Jan,18,Sat,6,16,1,3,107.28
2025-01-20,1,Jan,20,Mon,1,8,0,1,30.86
2025-01-20,1,Jan,20,Mon,1,10,0,1,30.86
2025-01-20,1,Jan,20,Mon,1,11,0,1,25.96
2025-01-20,1,Jan,20,Mon,1,12,0,2,51.92
2025-01-20,1,Jan,20,Mon,1,13,0,1,30.86
2025-01-20,1,Jan,20,Mon,1,20,0,3,107.28
2025-01-20,1,Jan,20,Mon,1,21,0,1,35.76
2025-01-21,1,Jan,21,Tue,2,8,0,3,92.58
2025-01-21,1,Jan,21,Tue,2,15,0,1,25.96
2025-01-21,1,Jan,21,Tue,2,18,0,3,107.28
2025-01-21,1,Jan,21,Tue,2,19,0,1,25.96
2025-01-22,1,Jan,22,Wed,3,11,0,1,21.06
2025-01-22,1,Jan,22,Wed,3,17,0,1,30.86
2025-01-22,1,Jan,22,Wed,3,18,0,1,35.76
2025-01-22,1,Jan,22,Wed,3,19,0,3,102.38
2025-01-22,1,Jan,22,Wed,3,20,0,1,30.86
2025-01-24,1,Jan,24,Fri,5,13,0,2,61.72
2025-01-24,1,Jan,24,Fri,5,15,0,1,35.76
2025-01-24,1,Jan,24,Fri,5,17,0,1,25.96
2025-01-24,1,Jan,24,Fri,5,21,0,1,35.76
2025-01-24,1,Jan,24,Fri,5,22,0,2,71.52
2025-01-25,1,Jan,25,Sat,6,13,1,1,35.76
2025-01-25,1,Jan,25,Sat,6,14,1,2,61.72
2025-01-26,1,Jan,26,Sun,7,12,1,2,47.02
2025-01-27,1,Jan,27,Mon,1,8,0,2,51.92
2025-01-27,1,Jan,27,Mon,1,12,0,1,35.76
2025-01-27,1,Jan,27,Mon,1,13,0,1,30.86
2025-01-27,1,Jan,27,Mon,1,15,0,3,87.68
2025-01-27,1,Jan,27,Mon,1,18,0,1,35.76
2025-01-27,1,Jan,27,Mon,1,19,0,2,71.52
2025-01-28,1,Jan,28,Tue,2,8,0,1,35.76
2025-01-28,1,Jan,28,Tue,2,9,0,1,25.96
2025-01-28,1,Jan,28,Tue,2,11,0,1,30.86
2025-01-28,1,Jan,28,Tue,2,12,0,1,25.96
2025-01-28,1,Jan,28,Tue,2,16,0,2,61.72
2025-01-28,1,Jan,28,Tue,2,17,0,1,25.96
2025-01-28,1,Jan,28,Tue,2,20,0,2,71.52
2025-01-29,1,Jan,29,Wed,3,9,0,1,25.96
2025-01-29,1,Jan,29,Wed,3,16,0,1,25.96
2025-01-29,1,Jan,29,Wed,3,19,0,2,51.92
2025-01-30,1,Jan,30,Thu,4,9,0,1,30.86
2025-01-30,1,Jan,30,Thu,4,10,0,1,30.86
2025-01-30,1,Jan,30,Thu,4,11,0,1,25.96
2025-01-30,1,Jan,30,Thu,4,12,0,1,35.76
2025-01-30,1,Jan,30,Thu,4,13,0,1,25.96
2025-01-30,1,Jan,30,Thu,4,14,0,1,30.86
2025-01-30,1,Jan,30,Thu,4,17,0,1,35.76
2025-01-30,1,Jan,30,Thu,4,18,0,2,56.82
2025-01-31,1,Jan,31,Fri,5,8,0,2,56.82
2025-01-31,1,Jan,31,Fri,5,9,0,4,138.14
2025-01-31,1,Jan,31,Fri,5,12,0,2,71.52
2025-01-31,1,Jan,31,Fri,5,14,0,1,35.76
2025-01-31,1,Jan,31,Fri,5,16,0,1,30.86
2025-01-31,1,Jan,31,Fri,5,22,0,2,56.82
2025-02-01,2,Feb,1,Sat,6,8,1,1,30.86
2025-02-01,2,Feb,1,Sat,6,10,1,1,30.86
2025-02-01,2,Feb,1,Sat,6,13,1,2,51.92
2025-02-01,2,Feb,1,Sat,6,14,1,2,71.52
2025-02-01,2,Feb,1,Sat,6,15,1,1,35.76
2025-02-01,2,Feb,1,Sat,6,18,1,1,35.76
2025-02-01,2,Feb,1,Sat,6,19,1,2,61.72
2025-02-01,2,Feb,1,Sat,6,21,1,1,30.86
2025-02-02,2,Feb,2,Sun,7,10,1,2,71.52
2025-02-02,2,Feb,2,Sun,7,12,1,2,71.52
2025-02-02,2,Feb,2,Sun,7,14,1,1,30.86
2025-02-02,2,Feb,2,Sun,7,16,1,2,71.52
2025-02-03,2,Feb,3,Mon,1,7,0,2,66.62
2025-02-03,2,Feb,3,Mon,1,8,0,2,51.92
2025-02-03,2,Feb,3,Mon,1,10,0,3,92.58
2025-02-03,2,Feb,3,Mon,1,13,0,3,97.48
2025-02-03,2,Feb,3,Mon,1,14,0,3,97.48
2025-02-03,2,Feb,3,Mon,1,15,0,2,61.72
2025-02-03,2,Feb,3,Mon,1,17,0,8,266.48
2025-02-03,2,Feb,3,Mon,1,18,0,1,25.96
2025-02-03,2,Feb,3,Mon,1,20,0,1,35.76
2025-02-04,2,Feb,4,Tue,2,10,0,2,56.82
2025-02-04,2,Feb,4,Tue,2,12,0,1,30.86
2025-02-04,2,Feb,4,Tue,2,13,0,1,25.96
2025-02-04,2,Feb,4,Tue,2,14,0,3,82.78
2025-02-04,2,Feb,4,Tue,2,18,0,1,30.86
2025-02-04,2,Feb,4,Tue,2,19,0,4,133.24
2025-02-05,2,Feb,5,Wed,3,8,0,1,30.86
2025-02-05,2,Feb,5,Wed,3,9,0,1,30.86
2025-02-05,2,Feb,5,Wed,3,11,0,4,108.74
2025-02-05,2,Feb,5,Wed,3,12,0,1,25.96
2025-02-05,2,Feb,5,Wed,3,13,0,3,68.08
2025-02-05,2,Feb,5,Wed,3,14,0,1,35.76
2025-02-05,2,Feb,5,Wed,3,15,0,1,35.76
2025-02-05,2,Feb,5,Wed,3,16,0,5,178.8
2025-02-05,2,Feb,5,Wed,3,18,0,5,173.9
2025-02-05,2,Feb,5,Wed,3,19,0,1,35.76
2025-02-05,2,Feb,5,Wed,3,20,0,1,35.76
2025-02-06,2,Feb,6,Thu,4,7,0,1,30.86
2025-02-06,2,Feb,6,Thu,4,13,0,1,25.96
2025-02-06,2,Feb,6,Thu,4,14,0,2,66.62
2025-02-06,2,Feb,6,Thu,4,16,0,1,35.76
2025-02-06,2,Feb,6,Thu,4,17,0,2,71.52
2025-02-06,2,Feb,6,Thu,4,19,0,2,56.82
2025-02-06,2,Feb,6,Thu,4,20,0,3,107.28
2025-02-07,2,Feb,7,Fri,5,8,0,1,30.86
2025-02-07,2,Feb,7,Fri,5,9,0,1,30.86
2025-02-07,2,Feb,7,Fri,5,10,0,1,25.96
2025-02-07,2,Feb,7,Fri,5,12,0,3,92.58
2025-02-07,2,Feb,7,Fri,5,16,0,4,133.24
2025-02-07,2,Feb,7,Fri,5,18,0,4,133.24
2025-02-07,2,Feb,7,Fri,5,20,0,2,61.72
2025-02-08,2,Feb,8,Sat,6,9,1,1,25.96
2025-02-08,2,Feb,8,Sat,6,10,1,1,30.86
2025-02-08,2,Feb,8,Sat,6,11,1,2,51.92
2025-02-08,2,Feb,8,Sat,6,12,1,1,25.96
2025-02-08,2,Feb,8,Sat,6,13,1,1,25.96
2025-02-08,2,Feb,8,Sat,6,15,1,2,51.92
2025-02-09,2,Feb,9,Sun,7,8,1,1,35.76
2025-02-09,2,Feb,9,Sun,7,10,1,2,56.82
2025-02-09,2,Feb,9,Sun,7,12,1,1,35.76
2025-02-09,2,Feb,9,Sun,7,15,1,4,143.04
2025-02-09,2,Feb,9,Sun,7,16,1,1,25.96
2025-02-10,2,Feb,10,Mon,1,7,0,1,25.96
2025-02-10,2,Feb,10,Mon,1,8,0,2,51.92
2025-02-10,2,Feb,10,Mon,1,11,0,1,30.86
2025-02-10,2,Feb,10,Mon,1,13,0,4,118.54
2025-02-10,2,Feb,10,Mon,1,14,0,4,133.24
2025-02-10,2,Feb,10,Mon,1,15,0,4,138.14
2025-02-10,2,Feb,10,Mon,1,16,0,1,35.76
2025-02-10,2,Feb,10,Mon,1,17,0,1,25.96
2025-02-10,2,Feb,10,Mon,1,18,0,1,30.86
2025-02-10,2,Feb,10,Mon,1,19,0,2,71.52
2025-02-11,2,Feb,11,Tue,2,10,0,1,25.96
2025-02-11,2,Feb,11,Tue,2,11,0,3,92.58
2025-02-11,2,Feb,11,Tue,2,15,0,1,35.76
2025-02-11,2,Feb,11,Tue,2,16,0,2,51.92
2025-02-11,2,Feb,11,Tue,2,17,0,5,154.3
2025-02-11,2,Feb,11,Tue,2,19,0,2,71.52
2025-02-12,2,Feb,12,Wed,3,7,0,2,61.72
2025-02-12,2,Feb,12,Wed,3,8,0,1,35.76
2025-02-12,2,Feb,12,Wed,3,9,0,1,30.86
2025-02-12,2,Feb,12,Wed,3,10,0,1,25.96
2025-02-12,2,Feb,12,Wed,3,12,0,1,25.96
2025-02-12,2,Feb,12,Wed,3,13,0,2,61.72
2025-02-12,2,Feb,12,Wed,3,15,0,3,107.28
2025-02-12,2,Feb,12,Wed,3,16,0,2,51.92
2025-02-12,2,Feb,12,Wed,3,17,0,2,61.72
2025-02-12,2,Feb,12,Wed,3,20,0,2,71.52
2025-02-12,2,Feb,12,Wed,3,21,0,1,35.76
2025-02-13,2,Feb,13,Thu,4,7,0,1,30.86
2025-02-13,2,Feb,13,Thu,4,8,0,1,25.96
2025-02-13,2,Feb,13,Thu,4,9,0,2,56.82
2025-02-13,2,Feb,13,Thu,4,10,0,2,61.72
2025-02-13,2,Feb,13,Thu,4,16,0,2,51.92
2025-02-13,2,Feb,13,Thu,4,17,0,2,61.72
2025-02-13,2,Feb,13,Thu,4,18,0,2,71.52
2025-02-13,2,Feb,13,Thu,4,19,0,1,35.76
2025-02-14,2,Feb,14,Fri,5,11,0,1,25.96
2025-02-14,2,Feb,14,Fri,5,14,0,4,113.64
2025-02-14,2,Feb,14,Fri,5,15,0,5,178.8
2025-02-14,2,Feb,14,Fri,5,17,0,4,113.64
2025-02-14,2,Feb,14,Fri,5,21,0,1,25.96
2025-02-15,2,Feb,15,Sat,6,9,1,1,35.76
2025-02-15,2,Feb,15,Sat,6,12,1,2,61.72
2025-02-15,2,Feb,15,Sat,6,13,1,2,61.72
2025-02-15,2,Feb,15,Sat,6,14,1,2,61.72
2025-02-15,2,Feb,15,Sat,6,15,1,2,71.52
2025-02-16,2,Feb,16,Sun,7,10,1,3,82.78
2025-02-16,2,Feb,16,Sun,7,11,1,2,61.72
2025-02-16,2,Feb,16,Sun,7,14,1,2,71.52
2025-02-16,2,Feb,16,Sun,7,17,1,3,97.48
2025-02-17,2,Feb,17,Mon,1,6,0,1,35.76
2025-02-17,2,Feb,17,Mon,1,8,0,1,25.96
2025-02-17,2,Feb,17,Mon,1,9,0,3,92.58
2025-02-17,2,Feb,17,Mon,1,10,0,2,56.82
2025-02-17,2,Feb,17,Mon,1,11,0,2,51.92
2025-02-17,2,Feb,17,Mon,1,12,0,1,35.76
2025-02-17,2,Feb,17,Mon,1,14,0,1,35.76
2025-02-17,2,Feb,17,Mon,1,15,0,2,66.62
2025-02-17,2,Feb,17,Mon,1,16,0,2,47.02
2025-02-17,2,Feb,17,Mon,1,17,0,1,30.86
2025-02-17,2,Feb,17,Mon,1,18,0,1,25.96
2025-02-17,2,Feb,17,Mon,1,19,0,2,51.92
2025-02-17,2,Feb,17,Mon,1,20,0,1,35.76
2025-02-18,2,Feb,18,Tue,2,8,0,2,51.92
2025-02-18,2,Feb,18,Tue,2,11,0,3,82.78
2025-02-18,2,Feb,18,Tue,2,12,0,1,30.86
2025-02-18,2,Feb,18,Tue,2,13,0,3,92.58
2025-02-18,2,Feb,18,Tue,2,17,0,5,159.2
2025-02-18,2,Feb,18,Tue,2,19,0,1,35.76
2025-02-18,2,Feb,18,Tue,2,20,0,2,71.52
2025-02-18,2,Feb,18,Tue,2,21,0,1,30.86
2025-02-19,2,Feb,19,Wed,3,8,0,3,87.68
2025-02-19,2,Feb,19,Wed,3,9,0,1,35.76
2025-02-19,2,Feb,19,Wed,3,10,0,3,92.58
2025-02-19,2,Feb,19,Wed,3,12,0,2,61.72
2025-02-19,2,Feb,19,Wed,3,13,0,1,25.96
2025-02-19,2,Feb,19,Wed,3,15,0,1,35.76
2025-02-19,2,Feb,19,Wed,3,17,0,3,92.58
2025-02-19,2,Feb,19,Wed,3,18,0,1,35.76
2025-02-19,2,Feb,19,Wed,3,19,0,4,143.04
2025-02-19,2,Feb,19,Wed,3,20,0,1,35.76
2025-02-20,2,Feb,20,Thu,4,7,0,1,35.76
2025-02-20,2,Feb,20,Thu,4,9,0,1,25.96
2025-02-20,2,Feb,20,Thu,4,10,0,4,113.64
2025-02-20,2,Feb,20,Thu,4,13,0,1,30.86
2025-02-20,2,Feb,20,Thu,4,14,0,3,87.68
2025-02-20,2,Feb,20,Thu,4,15,0,1,21.06
2025-02-20,2,Feb,20,Thu,4,16,0,2,71.52
2025-02-20,2,Feb,20,Thu,4,17,0,2,61.72
2025-02-20,2,Feb,20,Thu,4,18,0,1,25.96
2025-02-20,2,Feb,20,Thu,4,19,0,2,71.52
2025-02-20,2,Feb,20,Thu,4,20,0,1,35.76
2025-02-21,2,Feb,21,Fri,5,6,0,1,25.96
2025-02-21,2,Feb,21,Fri,5,9,0,3,92.58
2025-02-21,2,Feb,21,Fri,5,10,0,1,25.96
2025-02-21,2,Feb,21,Fri,5,11,0,1,30.86
2025-02-21,2,Feb,21,Fri,5,12,0,4,103.84
2025-02-21,2,Feb,21,Fri,5,13,0,1,25.96
2025-02-21,2,Feb,21,Fri,5,14,0,1,25.96
2025-02-21,2,Feb,21,Fri,5,15,0,4,113.64
2025-02-21,2,Feb,21,Fri,5,16,0,4,143.04
2025-02-21,2,Feb,21,Fri,5,19,0,3,107.28
2025-02-22,2,Feb,22,Sat,6,10,1,1,35.76
2025-02-22,2,Feb,22,Sat,6,11,1,2,51.92
2025-02-22,2,Feb,22,Sat,6,12,1,1,21.06
2025-02-22,2,Feb,22,Sat,6,15,1,1,30.86
2025-02-23,2,Feb,23,Sun,7,10,1,1,30.86
2025-02-23,2,Feb,23,Sun,7,12,1,2,61.72
2025-02-23,2,Feb,23,Sun,7,13,1,1,35.76
2025-02-23,2,Feb,23,Sun,7,14,1,1,35.76
2025-02-23,2,Feb,23,Sun,7,17,1,1,25.96
2025-02-24,2,Feb,24,Mon,1,9,0,2,66.62
2025-02-24,2,Feb,24,Mon,1,10,0,4,123.44
2025-02-24,2,Feb,24,Mon,1,12,0,1,35.76
2025-02-24,2,Feb,24,Mon,1,13,0,1,35.76
2025-02-24,2,Feb,24,Mon,1,15,0,1,30.86
2025-02-24,2,Feb,24,Mon,1,16,0,4,133.24
2025-02-24,2,Feb,24,Mon,1,17,0,2,56.82
2025-02-24,2,Feb,24,Mon,1,18,0,2,66.62
2025-02-24,2,Feb,24,Mon,1,19,0,4,138.14
2025-02-24,2,Feb,24,Mon,1,20,0,1,35.76
2025-02-25,2,Feb,25,Tue,2,8,0,3,87.68
2025-02-25,2,Feb,25,Tue,2,10,0,1,21.06
2025-02-25,2,Feb,25,Tue,2,11,0,2,51.92
2025-02-25,2,Feb,25,Tue,2,12,0,1,35.76
2025-02-25,2,Feb,25,Tue,2,14,0,1,35.76
2025-02-25,2,Feb,25,Tue,2,16,0,2,51.92
2025-02-25,2,Feb,25,Tue,2,18,0,1,35.76
2025-02-25,2,Feb,25,Tue,2,19,0,1,35.76
2025-02-26,2,Feb,26,Wed,3,8,0,1,25.96
2025-02-26,2,Feb,26,Wed,3,10,0,3,97.48
2025-02-26,2,Feb,26,Wed,3,13,0,2,71.52
2025-02-26,2,Feb,26,Wed,3,15,0,6,165.56
2025-02-26,2,Feb,26,Wed,3,16,0,3,107.28
2025-02-26,2,Feb,26,Wed,3,17,0,1,30.86
2025-02-26,2,Feb,26,Wed,3,18,0,2,71.52
2025-02-27,2,Feb,27,Thu,4,7,0,2,71.52
2025-02-27,2,Feb,27,Thu,4,10,0,1,21.06
2025-02-27,2,Feb,27,Thu,4,11,0,1,35.76
2025-02-27,2,Feb,27,Thu,4,12,0,1,35.76
2025-02-27,2,Feb,27,Thu,4,13,0,1,30.86
2025-02-27,2,Feb,27,Thu,4,14,0,2,61.72
2025-02-27,2,Feb,27,Thu,4,15,0,1,25.96
2025-02-27,2,Feb,27,Thu,4,16,0,1,25.96
2025-02-27,2,Feb,27,Thu,4,17,0,3,87.68
2025-02-27,2,Feb,27,Thu,4,18,0,4,143.04
2025-02-27,2,Feb,27,Thu,4,19,0,1,35.76
2025-02-27,2,Feb,27,Thu,4,20,0,1,35.76
2025-02-28,2,Feb,28,Fri,5,6,0,2,61.72
2025-02-28,2,Feb,28,Fri,5,7,0,1,35.76
2025-02-28,2,Feb,28,Fri,5,8,0,1,21.06
2025-02-28,2,Feb,28,Fri,5,9,0,1,30.86
2025-02-28,2,Feb,28,Fri,5,14,0,4,113.64
2025-02-28,2,Feb,28,Fri,5,15,0,1,25.96
2025-02-28,2,Feb,28,Fri,5,16,0,2,61.72
2025-02-28,2,Feb,28,Fri,5,17,0,4,118.54
2025-02-28,2,Feb,28,Fri,5,18,0,1,35.76
2025-03-01,3,Mar,1,Sat,6,10,1,1,35.76
2025-03-01,3,Mar,1,Sat,6,11,1,2,51.92
2025-03-01,3,Mar,1,Sat,6,14,1,1,35.76
2025-03-01,3,Mar,1,Sat,6,15,1,2,56.82
2025-03-01,3,Mar,1,Sat,6,16,1,1,35.76
2025-03-01,3,Mar,1,Sat,6,17,1,1,25.96
2025-03-02,3,Mar,2,Sun,7,9,1,1,35.76
2025-03-02,3,Mar,2,Sun,7,12,1,1,35.76
2025-03-02,3,Mar,2,Sun,7,13,1,1,30.86
2025-03-02,3,Mar,2,Sun,7,15,1,3,82.78
2025-03-03,3,Mar,3,Mon,1,8,0,1,35.76
2025-03-03,3,Mar,3,Mon,1,9,0,2,71.52
2025-03-03,3,Mar,3,Mon,1,10,0,2,71.52
2025-03-03,3,Mar,3,Mon,1,12,0,1,35.76
2025-03-03,3,Mar,3,Mon,1,15,0,2,61.72
2025-03-03,3,Mar,3,Mon,1,16,0,6,204.76
2025-03-03,3,Mar,3,Mon,1,17,0,6,190.06
2025-03-03,3,Mar,3,Mon,1,18,0,2,66.62
2025-03-04,3,Mar,4,Tue,2,7,0,2,61.72
2025-03-04,3,Mar,4,Tue,2,8,0,1,30.86
2025-03-04,3,Mar,4,Tue,2,9,0,3,77.88
2025-03-04,3,Mar,4,Tue,2,11,0,5,134.7
2025-03-04,3,Mar,4,Tue,2,12,0,1,35.76
2025-03-04,3,Mar,4,Tue,2,16,0,1,25.96
2025-03-04,3,Mar,4,Tue,2,18,0,1,35.76
2025-03-04,3,Mar,4,Tue,2,19,0,1,35.76
2025-03-04,3,Mar,4,Tue,2,20,0,1,35.76
2025-03-05,3,Mar,5,Wed,3,8,0,1,30.86
2025-03-05,3,Mar,5,Wed,3,9,0,1,25.96
2025-03-05,3,Mar,5,Wed,3,10,0,4,118.54
2025-03-05,3,Mar,5,Wed,3,11,0,4,123.44
2025-03-05,3,Mar,5,Wed,3,12,0,1,25.96
2025-03-05,3,Mar,5,Wed,3,15,0,3,107.28
2025-03-05,3,Mar,5,Wed,3,17,0,3,87.68
2025-03-05,3,Mar,5,Wed,3,18,0,1,35.76
2025-03-05,3,Mar,5,Wed,3,19,0,1,35.76
2025-03-06,3,Mar,6,Thu,4,9,0,2,56.82
2025-03-06,3,Mar,6,Thu,4,10,0,3,82.78
2025-03-06,3,Mar,6,Thu,4,11,0,2,61.72
2025-03-06,3,Mar,6,Thu,4,13,0,1,35.76
2025-03-06,3,Mar,6,Thu,4,16,0,1,30.86
2025-03-06,3,Mar,6,Thu,4,17,0,1,35.76
2025-03-06,3,Mar,6,Thu,4,18,0,1,35.76
2025-03-06,3,Mar,6,Thu,4,19,0,1,30.86
2025-03-07,3,Mar,7,Fri,5,7,0,1,35.76
2025-03-07,3,Mar,7,Fri,5,8,0,2,51.92
2025-03-07,3,Mar,7,Fri,5,9,0,1,25.96
2025-03-07,3,Mar,7,Fri,5,10,0,4,133.24
2025-03-07,3,Mar,7,Fri,5,11,0,1,35.76
2025-03-07,3,Mar,7,Fri,5,12,0,1,30.86
2025-03-07,3,Mar,7,Fri,5,13,0,2,61.72
2025-03-07,3,Mar,7,Fri,5,14,0,1,35.76
2025-03-07,3,Mar,7,Fri,5,15,0,2,71.52
2025-03-07,3,Mar,7,Fri,5,17,0,2,71.52
2025-03-08,3,Mar,8,Sat,6,9,1,2,61.72
2025-03-08,3,Mar,8,Sat,6,10,1,1,25.96
2025-03-08,3,Mar,8,Sat,6,11,1,2,51.92
2025-03-08,3,Mar,8,Sat,6,12,1,2,56.82
2025-03-08,3,Mar,8,Sat,6,13,1,1,35.76
2025-03-09,3,Mar,9,Sun,7,9,1,1,21.06
2025-03-09,3,Mar,9,Sun,7,11,1,1,30.86
2025-03-09,3,Mar,9,Sun,7,13,1,1,35.76
2025-03-09,3,Mar,9,Sun,7,14,1,1,25.96
2025-03-09,3,Mar,9,Sun,7,15,1,4,128.34
2025-03-10,3,Mar,10,Mon,1,8,0,2,61.72
2025-03-10,3,Mar,10,Mon,1,9,0,3,102.38
2025-03-10,3,Mar,10,Mon,1,10,0,1,35.76
2025-03-10,3,Mar,10,Mon,1,12,0,1,25.96
2025-03-10,3,Mar,10,Mon,1,15,0,2,61.72
2025-03-10,3,Mar,10,Mon,1,16,0,4,138.14
2025-03-10,3,Mar,10,Mon,1,18,0,3,97.48
2025-03-10,3,Mar,10,Mon,1,19,0,1,30.86
2025-03-11,3,Mar,11,Tue,2,8,0,1,25.96
2025-03-11,3,Mar,11,Tue,2,9,0,2,71.52
2025-03-11,3,Mar,11,Tue,2,10,0,1,25.96
2025-03-11,3,Mar,11,Tue,2,12,0,1,25.96
2025-03-11,3,Mar,11,Tue,2,13,0,1,25.96
2025-03-11,3,Mar,11,Tue,2,16,0,3,107.28
2025-03-11,3,Mar,11,Tue,2,17,0,1,35.76
2025-03-11,3,Mar,11,Tue,2,18,0,1,30.86
2025-03-11,3,Mar,11,Tue,2,19,0,1,35.76
2025-03-11,3,Mar,11,Tue,2,20,0,1,35.76
2025-03-12,3,Mar,12,Wed,3,11,0,5,154.3
2025-03-12,3,Mar,12,Wed,3,12,0,2,61.72
2025-03-12,3,Mar,12,Wed,3,13,0,2,71.52
2025-03-12,3,Mar,12,Wed,3,16,0,3,107.28
2025-03-12,3,Mar,12,Wed,3,18,0,5,149.4
2025-03-13,3,Mar,13,Thu,4,7,0,1,35.76
2025-03-13,3,Mar,13,Thu,4,8,0,1,30.86
2025-03-13,3,Mar,13,Thu,4,9,0,5,144.5
2025-03-13,3,Mar,13,Thu,4,11,0,1,25.96
2025-03-13,3,Mar,13,Thu,4,12,0,1,35.76
2025-03-13,3,Mar,13,Thu,4,14,0,2,56.82
2025-03-13,3,Mar,13,Thu,4,18,0,1,35.76
2025-03-14,3,Mar,14,Fri,5,7,0,1,25.96
2025-03-14,3,Mar,14,Fri,5,8,0,2,56.82
2025-03-14,3,Mar,14,Fri,5,9,0,3,82.78
2025-03-14,3,Mar,14,Fri,5,10,0,3,97.48
2025-03-14,3,Mar,14,Fri,5,14,0,2,61.72
2025-03-14,3,Mar,14,Fri,5,15,0,2,71.52
2025-03-14,3,Mar,14,Fri,5,16,0,4,133.24
2025-03-14,3,Mar,14,Fri,5,17,0,4,123.44
2025-03-14,3,Mar,14,Fri,5,20,0,1,25.96
2025-03-14,3,Mar,14,Fri,5,21,0,1,25.96
2025-03-15,3,Mar,15,Sat,6,9,1,1,30.86
2025-03-15,3,Mar,15,Sat,6,10,1,1,35.76
2025-03-15,3,Mar,15,Sat,6,13,1,1,25.96
2025-03-15,3,Mar,15,Sat,6,17,1,2,66.62
2025-03-15,3,Mar,15,Sat,6,19,1,2,66.62
2025-03-16,3,Mar,16,Sun,7,9,1,2,66.62
2025-03-16,3,Mar,16,Sun,7,10,1,1,35.76
2025-03-16,3,Mar,16,Sun,7,12,1,1,35.76
2025-03-16,3,Mar,16,Sun,7,14,1,1,25.96
2025-03-17,3,Mar,17,Mon,1,6,0,1,25.96
2025-03-17,3,Mar,17,Mon,1,8,0,2,51.92
2025-03-17,3,Mar,17,Mon,1,9,0,1,30.86
2025-03-17,3,Mar,17,Mon,1,10,0,1,25.96
2025-03-17,3,Mar,17,Mon,1,13,0,1,25.96
2025-03-17,3,Mar,17,Mon,1,14,0,3,107.28
2025-03-17,3,Mar,17,Mon,1,15,0,3,107.28
2025-03-17,3,Mar,17,Mon,1,16,0,1,25.96
2025-03-18,3,Mar,18,Tue,2,8,0,2,66.62
2025-03-18,3,Mar,18,Tue,2,10,0,2,61.72
2025-03-18,3,Mar,18,Tue,2,11,0,2,71.52
2025-03-18,3,Mar,18,Tue,2,14,0,1,30.86
2025-03-18,3,Mar,18,Tue,2,15,0,2,56.82
2025-03-18,3,Mar,18,Tue,2,16,0,3,82.78
2025-03-18,3,Mar,18,Tue,2,18,0,2,71.52
2025-03-18,3,Mar,18,Tue,2,20,0,2,71.52
2025-03-18,3,Mar,18,Tue,2,21,0,1,35.76
2025-03-19,3,Mar,19,Wed,3,7,0,3,87.68
2025-03-19,3,Mar,19,Wed,3,8,0,1,25.96
2025-03-19,3,Mar,19,Wed,3,10,0,1,35.76
2025-03-19,3,Mar,19,Wed,3,11,0,1,25.96
2025-03-19,3,Mar,19,Wed,3,12,0,1,25.96
2025-03-19,3,Mar,19,Wed,3,15,0,2,71.52
2025-03-19,3,Mar,19,Wed,3,16,0,6,185.16
2025-03-19,3,Mar,19,Wed,3,17,0,3,97.48
2025-03-19,3,Mar,19,Wed,3,18,0,3,68.08
2025-03-20,3,Mar,20,Thu,4,8,0,1,30.86
2025-03-20,3,Mar,20,Thu,4,9,0,1,30.86
2025-03-20,3,Mar,20,Thu,4,10,0,3,82.78
2025-03-20,3,Mar,20,Thu,4,12,0,1,25.96
2025-03-20,3,Mar,20,Thu,4,14,0,6,170.46
2025-03-20,3,Mar,20,Thu,4,15,0,2,51.92
2025-03-20,3,Mar,20,Thu,4,16,0,1,35.76
2025-03-20,3,Mar,20,Thu,4,17,0,1,25.96
2025-03-20,3,Mar,20,Thu,4,18,0,1,35.76
2025-03-20,3,Mar,20,Thu,4,19,0,2,71.52
2025-03-20,3,Mar,20,Thu,4,21,0,1,35.76
2025-03-21,3,Mar,21,Fri,5,7,0,2,61.72
2025-03-21,3,Mar,21,Fri,5,8,0,4,113.64
2025-03-21,3,Mar,21,Fri,5,11,0,2,61.72
2025-03-21,3,Mar,21,Fri,5,13,0,2,61.72
2025-03-21,3,Mar,21,Fri,5,14,0,1,35.76
2025-03-21,3,Mar,21,Fri,5,15,0,4,133.24
2025-03-21,3,Mar,21,Fri,5,17,0,3,107.28
2025-03-21,3,Mar,21,Fri,5,18,0,2,61.72
2025-03-22,3,Mar,22,Sat,6,9,1,1,30.86
2025-03-22,3,Mar,22,Sat,6,10,1,1,30.86
2025-03-22,3,Mar,22,Sat,6,11,1,2,71.52
2025-03-22,3,Mar,22,Sat,6,12,1,2,56.82
2025-03-22,3,Mar,22,Sat,6,13,1,2,56.82
2025-03-22,3,Mar,22,Sat,6,15,1,1,21.06
2025-03-22,3,Mar,22,Sat,6,16,1,1,35.76
2025-03-22,3,Mar,22,Sat,6,17,1,1,30.86
2025-03-22,3,Mar,22,Sat,6,19,1,1,30.86
2025-03-23,3,Mar,23,Sun,7,10,1,2,71.52
2025-03-23,3,Mar,23,Sun,7,14,1,2,71.52
2025-03-23,3,Mar,23,Sun,7,15,1,1,25.96
2025-03-23,3,Mar,23,Sun,7,18,1,1,35.76
